name,rating,review
달달잠,4,"2층 독채로 쓰면 친구들이랑 가기 좋다. 화장실이 많아서 싸울 일이 없으니까. 위치도 한옥 마을이랑 제법 가깝다. 아주머니도 친절하시다.

다만, 야외 식탁을 제외하면 그럴 싸한 식탁이 없어 식사를 하는데 불편하다. 무엇보다 토요일을 제외하면 고기를 못 구워먹는 게 최대 단점."
달달잠,5,아주머니가 정말 친절하시고 한옥마을에서 좀 떨어져 있어서 조용해요
달달잠,4,
달달잠,5,
달달잠,3,
이가한옥,5,너무 좋았고 사장님이 친절하셨어요 근처 맛집도 다 알려주시고 정말 좋은 숙소였던거 같아요
이가한옥,1,"숙박 얼만지 전화해서 물어보니까 검색하면 나오는거 왜물어보냐고 불쾌해하시는데
목소리만 친절한척
하는 말이나 행동은 너무불친절하시네요
방음도안되고 방도좁고 이럴거면 모텔을가는걸 추천!"
이가한옥,3,"건축물은 좋음  위치도 한옥마을 라한호텔(구리베라호텔) 맞은편이라 구보이동  좋음

내부 호실  공간이 두명이상 이면  사이즈가 약5평정도

소음부분이 절대적 감안  하셔야함

잠만  잔다  생각  하심  나쁘진  않음

가격대가 조건에  비해  높은 편임

직원분에 물품(수건.화장지.물 등) 보충이 많이 느림"
이가한옥,5,"주차도 편하고 사장님도 너무 친절하시고
방도 뜨끈뜨끈 너무 좋아요^^
무엇보다 동선이 한옥마을과 가까워서 좋습니다.
화장품 기프트도 감사합니다.
잘 쉬다 가겠습니다. ^^"
이가한옥,3,"1층 도로쪽 방은 창문 열면 지나다니는 사람과 인사가 가능합니다
주차장쪽이었으면 창문도 맘껏 열고 좋았을텐데
한옥 마을 접근성은 좋은데 같은가격이면 모텔을 추천해요"
가원당한옥,5,위치 너무 좋았습니다. 맛집 길거리 음식점에서 가까운데 조용합니다. 가족실을 이용했는데 욕실에까지 온돌이 들어와 있어서 샤워하는 내내 행복했습니다. 안내 문자도 친절했습니다. 답변도 바로바로 주셔서 감사했습니다.
가원당한옥,5,"한옥마을 메인도로인 태조로에 가깝고 아담하고 귀여운 집 다소 작게 느껴질 수는 있으나 신축이고 깔끔한 편이고 높은 층고를 이용해 다락이 있는 방들이 있어 공간적으로 좁다는 느낌은 다른집에 비해서 들지 않는다
특히 바로앞에 정자와 작은 인공수로가 있는 공원이 있어서 다소 작을 수 있는 정원이 단점이 아닌집"
가원당한옥,5,공간이 넓지는 않습니다 하지만 가격을 생각하면 나쁘지 않안 공간에 기본적인 어메니티도 제공되는걸 생각했을때 굉장히 합리적인 숙소입니다.
가원당한옥,3,"일단 위치나 가격대비 너무좋음
숙소가 좁긴하나 아늑하다할수있음 전체적으로 깨끗함  바닥은 뜨거우나 한옥이라 위풍은 있음
다만 이불에서 냄새가나서 찝찝했음
오래된 이불 아니면 묵혀둔 이불 냄새로 장점들을 다 커버해버림"
가원당한옥,4,"한옥마을 안에서도 접근성이 좋았던 한옥스테이.
경기전이나 전동성당이 근처고 저녁에 남부시장을 가기에도 동선이 나쁘지 않았다. 거리를 보면 저녁에도 많이 시끌벅적할 것 같지만 골목으로 살짝 들어오는거라 밤에 조용한 편이었다.

다만 앞에 차를 댈 공간이 한대? 정도라 차량은 다른 곳에 주차를 하고 와야하는 번거로움은 있다만, 짐이 많지않다면 사실 별 대수가 되진않는다. 무료주차를 제공하는 곳이 있으므로 반드시 사전 확인을 주인에게 하고 가면 좋겠다.

내부는 나쁘지않았고, 다만 그날 다른 방 2개에 가족 단체여행이었는지 많이 떠들어대서 조금 거슬렸던것만 빼면 만족스런 스테이였다. 화장실/욕실도 안에 별도로 있으니 편했고..

가격도 비싸지 않은 편이어서 가성비 생각하면 가봐도 좋을것이란 생각이다"
알콩달콩 다락방,4,"전주 한옥마을 엄청 복잡한데  주차할수있는 숙소라서 좋았구요~~ 사장님 넘친절하세요 ~~ 방넘 따뜻했구요 조식도 넘 맛있어요 ~~
숙소나 이불상태도 좋았구요 화장실이 넘작은게 좀 불편했네요 ~~ 사장님 잘알려주시고 친절하게 설명해주셔서 좋은여행이었습니다."
알콩달콩 다락방,5,두번째 오는곳인데 깔끔하고 쥔장이 친절하십니다
알콩달콩 다락방,5,"깨끗하고 사장님께서 친절해요!
길거리야랑 베테랑 코앞이고
제휴서비스도 좋아요
맨몸으로 오셔도 웬만한건 다 있습니다"
알콩달콩 다락방,3,사장님 친절하십니다. 아침에 주신 샌드위치와 과일 잘 먹었습니다. 화장실이 너무 좁아서 좀 불편하고 준비된 이불로는 허리가 아파서 한장 더 요청했는데 바로 준비해주셨습니다.  침구류랑 방 상태는 깨끗한 편.10대 정도 주차가능한 주차장도 있습니다.
알콩달콩 다락방,4,사장님의 친절한 환대와 깨끗한 객실로 인해 전반적으로 만족하였으나 객실에 창문이 없고 화장실이 좁은것은 아쉬움
나무그늘,3,하룻밤 묵을 일정이면 선택. 가격이 괜찮음. 화장실이 증축한 추가공간 같은 느낌인데 화장실 문 열자마자 하수도 냄새가 심각하게 방으로 들어옴..
나무그늘,5,다락 구조의 방이 아늑함
새와나무,5,아주 만족했습니댜!
금농헌,5,최고의 한옥숙소
금농헌,4,한옥미을 가까운 숙소
금농헌,5,
금농헌,5,
금농헌,5,
사랑루,5,여행내내 비가왔는데 그 비 마저 고즈넉하게 소화하는 곳. 바로 옆에 느낌 좋은 카페가 있어서 한옥캉스 하기 좋은 곳. 대가족이 가서 요구사항 많았는데 관리자 분이 그래도 친절하게 응대해주셔서 좋았음
사랑루,3,화장실 등 숙소가 다소 불편하나 난방 및 주인 서비스는 좋았다. 하지만 가격이 너무 비싸서 재방문 의사는 없다.
사랑루,4,"한옥마을 안에 위치해서 근처 구경하기 좋음. 마루도 있어서 바깥 구경하기도 괜찮음. 조식으로는 오렌지, 방울토마토, 삶은계란이 제공됨. 잼과 버터가 있는데 빵이 없어서 아쉬웠음. 한옥집 특성상 옆방과 소음이 들림. 화장실과 샤워시설은 괜찮았음"
사랑루,4,"한옥을 체험하며 저렴한가격에 잠자기 좋아요. 조식도 포함인데 다른음식먹으려고 먹지는 않았어요
한가지단점은 옆방tv나 얘기소리가 소리가 잘들리네요. 전반적으로 만족합니다"
사랑루,5,"방크기는 셋이서 자기에 적당햇어요~
풍경은 넘 좋앗구~
주인분들도 넘나 친절하셧어요 ㅎ
에어컨도 잘되고 휴가 잘보내고 갑니당~"
한옥숙박체험관,4,가격대비 좋습니다. 대략 하루에 6만원대에 예약하면 됩니다. 침구류나 방도 깨끗합니다. 방이 작아서 둘이 가서 쉬기 좋습니다. 다락이 있어서 아이들이 좋아할 수 있으나 가파른 사다리를 올라가야 해서 다소 위험합니다. 창호가 좋은지 방음도 잘 되는 편입니다.  마당이 넓어서 좋습니다. 들어가는 길이 예쁩니다.
한옥숙박체험관,5,깔끔하고 사장님께서 친절하셔서 정말 좋았어요.!! 약간 떨어져있지만 전용 주차장이 있는게 너무 좋았네요. 잘쉬다갑니다
한옥숙박체험관,5,한옥마을 중심에 있어서 위치가 편리하고 조식도 줘서 좋아요
한옥숙박체험관,5,친절하신 사장님과 아늑한 방..깨끗한 시설..맛있는 커피와 토스트 너무 좋아요..왕 추천합니다!
한옥숙박체험관,3,비교적 싸고 한옥 마을 한가운데라 어딜 가기도 편함. 다만 생각보다 많이 좁음.
김명옥김치숙박문화관,2,숙박시설이  너무  초라하고  미비했다  숙박요금도  너무 비싸다  추천해주고 싶은 미음 별로다
김명옥김치숙박문화관,5,"커피포트 깨져있는지모르고 물데우다가 방에 물이 흐르고있었네요..
전자레인지 데우는중이였어서 늦게봤어요..ㅎㅎ
주차..처음 찾아간다면 무척어렵습니다..
방은그냥저냥"
김명옥김치숙박문화관,4,한옥마을 길건너 도로변에 있는데 한옥은 아님.대채적으로 객실 깨끗하고 직원분이 친절하심.
김명옥김치숙박문화관,1,"본관엔 방이 없어서 별관을 예약했는데,이건 별관이 아니라 완전 다른곳에 동떨어진 허접한 주택이었다.주차장도 없어서 사람들이 많이 오가는 인도 위에 주차를 해야했고 그걸 너무 당연시 하는 주인의 태도도 불쾌했다.과태료가 나오면 내줄테니 걱정말라며....
우린 4인가족이라 4인실을 예약했는데 방은 2인실이였다. 문을 열어보니 바로 조그만 방이였고 그게 다였다. 그냥 여관방같은....구석에 화장실이 있는데 너무 좁아서 쓰기에 너무 불편했다.키가 187인 아들은 머리가 천장에 닿아서 똑바로 서있지도 못했다.
남편이 인터넷으로 보고 예약했는데 아마도 본관의 정경만 나와있어서 별관이라해도 본채  바로 옆일거라 생각한거같다. 별관에 대한 사진이나 설명은 돈을 입금한 후에야 문자로 보내주었다.
아들 입대전에 한 마지막 가족여행을 그런 곳에서 보내게 되어 정말 속상했다."
김명옥김치숙박문화관,4,"김명옥숙박 숙박은 괜찮은편 방음은 별로 인듯하지만 저희만 숙박을 해서 조용하게 지내다옴
숙박앞에는 무료주차"
정가한옥,5,"시설이 깔끔하고, 사장님 내외분들이 친절하십니다.
주차장이 있고, 한옥마을로 접근성이 괜찮습니다.
2인실은 조금 좁은 느낌이 들지만 수면을 취하는데 지장없습니다."
정가한옥,2,"장점:가격대비 깔끔하고 있을껀 다있다 두사람 하루 자고가기 좋다
아침에 아름다운 아침을 맞이할수있다
ㅡㅡㅡㅡㅡㅡㅡㅡㅡㅡㅡㅡㅡㅡㅡㅡㅡㅡㅡㅡㅡㅡㅡㅡㅡㅡ
단점:외국인은 못잔다 허리 아프고 골반아프고 바닥 뜨거워서 잠자기 힘들꺼 같음 !
바닥이 개뜨겁다 공기는 차다
구막사 느낌"
정가한옥,4,"전주한옥마을 바로근처
깨끗하고 아담해서 소음은 좀..
숙박해서 한복대여도 할인~전주난장입장권도 할인
주인여사장님 넘친절해서 기분좋았어요
주차장이 있어서 👍 👍 👍"
정가한옥,5,"객실은 깔끔한데 작은편이구요~
주인아저씨 엄청 친절하셔요~
위치는 한옥마을 바로 건너편이라 접근성이 좋습니다~"
정가한옥,4,"따뜻하고 고즈넉한 한옥 느낌의 게스트하우스. 실용주의라서 공간은 딱 잠만 자기 좋아요~한옥의 정취가 느끼고 싶다면 좋습니다. 이불이 아삭아삭~잠이 솔솔~

위치는 전주 한옥마을 구경하기 넘 좋아요~주차장도 있고 '더 정가' 호텔도 함께 하셔서 차마실 공간도 있네요^^"
꽃잠,2,"주인분은 친절하고, 한옥마을 안에 있어 고즈넉하고 장소는 좋았다. 화장실은 깨끗하고 천장도 높아서 좋았고 한옥디자인도 괜찮았다.
하지만 별점이 낮은 이유는, 방음이 전혀 안된다. 옆방에서 기침하는 소리 까지 다 들린다. 소리가 웅웅 난다 크다작다 수준이 아니고, 대화내용을 명확하게 들을 수 있는 수준이였다. 가족이여서 다행이지 신혼부부나 커플이 있었으면 어쩔려는건지.... 나오는길에 보니 방문후기는 전부 젊은 커플들이였다. 어떻게 사용했는지 모르겠다."
꽃잠,4,"무엇보다 주인 아주머니가 굉장히 친절하셔서 좋았습니다.
체크인 시간보다 일찍 도착할 것 같다니까 일찍 체크인 도와주셨고, 도착하자마자 트렁크 바퀴 닦아주시고 짐을 옮겨주셨습니다. 이후 지도를 통해 볼거리, 먹거리 등을 알려주셔서 많이 참고했습니다. 방은 정말 아담하고 아늑했습니다. 다만 한옥이라서 방음이 안되고 화장실이 너무 좁아서 씻기 힘들더라고요..그래도 1박에는 큰 문제 없었습니다!"
꽃잠,5,사장님이 너무 친절하시고 방도 2인이 쓰기에 아담하고 좋습니다. 깔끔하고 정말 정성으로 민박운영하시는게 느껴져여 다음에 전주가면 무조건 이곳에서만 잘겁니다
꽃잠,5,소박하지만 정겹고 깔끔한 숙소입니다. 무엇보다도 주인아주머니가 너무 친절합니다. 생수도 무료로 주시고. 방도 아기자기하고 이뻐요. 다음에 오면 또 묵고싶은곳입니다.
꽃잠,2,"사장님 친절하시고 열씨미 설명해주시고
기본적으로 깔끔하고 그 부분은 인정합니다
근데 집이 골목끝에 들어가 있고
방에서 화장실 하수구 냄새가 정말 심하게 납니다
분명 화장실 리모델링 하시고 겉은 깨끗한게 맞는데
냄새가 너무 심해서 화장실에서 자는 느낌이였습니다
다른 방은 안가봐 모르겠지만
참고로 수놓는 꽃잠 방이였습니다"
아랑궐,4,"객실은 침대밑 청소가 안되어있고
목욕용품 구비는 좋았어요.
샴푸 리스 바디 오일 수건까지~
근데 방이 답다하니 다 막혀있었어요.
너무 좁고 정원 넓고 마루있는집이 아니어서 아쉬웠는데 위치는 좋았어요.
방이 다닥다닥 붙어있는 구조라 대화하기 조심스럽고 그랬네요.
아침 커피랑 토스트도 있어 드시면 된다네요~"
아랑궐,5,"솔직히 한옥은 불편하다란 생각이 많앗는데
여기가고 완전 바뀌었어요 ^^
화장실 티비 보일러 에어컨 다 만족이엿고 가격도 저렴하고 골목안쪽에 위치해 있어서 조용했고 또 안쪽까지 들어가고 나오는걸 반복하니
한옥마을에 온걸 실감될 정도로 너무 멋진 곳이엿습니다
아침에 커피도 주시고 펜션지기 언니분 너무 친절하시고 이쁘셧어요 ^^"
아랑궐,3,"방이랑 화장실은 괜찮은데 침구류가 너무 지저분했어요.
머리카락, 음식물튄거, 핏자국 등. 베개 커버안쪽에 베개가 누렇고 침자국있었어요."
아랑궐,5,
취락당,5,"엄청 친절하셔요! 저희가 바쁘게 나가는 것만 아니였어도 널널하게 움직였을텐데ㅜㅜ 불편한 점 없는지 계속 물어봐주시고 방도 무료로 업그레이드해주셔서 편하게 지내다가네요~
다음에 또 재방문 할게요!!"
취락당,5,"공용주차장에서 가깝고,
직원분이 친절하시네요.
주변 볼거리나 식당도 잘 알려주고요.
도움이 많이 되었습니다"
취락당,4,화장실까지 바닥 보일러가 되어있어서 겨울에 따뜻하네요 ㅎㅎ 살짝 멀긴하지만(한옥마을5~10분거리??) 한옥마을가서 숙소 잡을때 여기 추천합니다.
취락당,5,"깨끗하고, 귀엽고. 골목에 있어 시끄럽지 않고, 공영주차장에서 가깝고. 불만스러운 부분이 없네요."
취락당,5,"생각보다 훨깔끔하고 좋았습니다
주인분도 친절하시고 한옥마을내에있다보니 좋았어요!"
옹기종기,5,사실상 한옥마을 내부에 있다고 봐도 될 정도로 가깝고 공영주차장과도 가까워서 주차하기도 편했어요. 온돌방은 따뜻했고 골목에 있어서 그런지 버스킹 소리는 안들리고 조용해서 좋았습니다
옹기종기,5,"진짜 깨끗하고, 방도 갬성 가득^^
재방문 의사 있습니닷!ㅎ"
벼리채,5,"고즈넉하니 너무 편하고 깨끗했어요~
주인분도 과하지안게 딱 편히쉴수있을정도로 신경을써주시고 아주좋았습니다~ 전주내려갈때는 항상 여기에  머무를 생각입니다~^^"
벼리채,5,"이곳 벼리채...!  하면 떠오르는 것들...
1)  너무너무 친절하고 정감 있으신 주인 내외분
2)  주인 닮아 사람을 너무 좋아하는 강아지 같은 고양이
3)  전통가옥
4)  정원이 있는 예쁜 한옥집

반려동물 동반이 가능하고 전주 한옥마을과는 개천을 사이에 두고 있어
한옥마을과의 접근성은 용이하면서도 번잡하거나 시끄럽지 않아 평안한 휴식을 취할수 있는 잇점이 있다."
벼리채,5,"낡았지만 주인께서 열심히 관리하시고 정감있는 느낌 덕분에 잘쉬고왔습니다
아침식사를 정성스럽게 제공해주셔서 좋았습니다"
벼리채,5,일단 대형견 친구들도 숙박이 가능해서 좋았고 사장님도 친절하시고 방도 깨끗하고 있을꺼 다있어요! 한옥마을과도 가까워서 좋아요
벼리채,5,주인 분들이 친절하시고 고양이가 귀엽습니다. 기르시는 동물들이 있기에 동물 좋아하시는 분들에게 추천합니다.
늦잠,5,현대식 시설.다과무료체험.정수기시설.침대메트리스도 시몬스 최고급으로.스크린TV.드립커피까지 배치 되어 있습니다
늦잠,5,조심스런시기에 조용히 머물며 잊지못할 따뜻한 추억을남기고싶은분께...
늦잠,5,"전주의 편한안 숙소
힐링을 할수있는 숙소"
늦잠,5,편안하게 하루 잘 쉬다왔음
늦잠,5,깔끔하고. 조용. .
몽유화원,4,감자와 요쿠르트와 빨래해결하고 주인마님의 마음이 좋았요
몽유화원,3,전주 서학동 예술인마을에 있는 한장소이죠 게스트하우스인듯
몽유화원,4,좋아요
몽유화원,4,
몽유화원,4,
똘랑코티지,4,"조용한 환경, 특색 있는 한옥"
뜰안채 게스트하우스,3,"자그마한 한옥 숙소.
주차장이 있고 문화재 야경 축제에 가까워서 선택했는데, 방도 작고 옆에서 하는 소리가 너무 잘들린다.
시끄러워서 잠을 못자고 어르신들 일어나셔서 같이 일어났다. 슬프가"
뜰안채 게스트하우스,3,"밤늦게 도착해서 구했는데도 다행히 방은 있네요. 4인실을 2인실 가격으로 주셨는데, 한옥 민박이라 그런지 방음이 너무 안됩니다. 독채가 아니라면 감안해야 합니다. 옆방에 애들있는 가족이 있었는데 아침에는 거의 잠을 못 잤네요. ㅠㅠ 호텔같은 침구류나 시설은 당연히 아니고...그냥 민박집입니다. 주차장이 있긴 하지만 늦으면 자리가 없을수도 있습니다. 그래도 다음날 한옥마을 구경하는 동안에도 무료로 주차 할수 있게 해줘서 이건 아주 좋습니다."
뜰안채 게스트하우스,2,"예약않고 갔더니 구관에서 묵게 됐는데 전반적으로 별로였어요. 에어컨은 시끄럽게 달달대지, 침구에선 냄새나지, 수건 5개 중 하나는 걸레썪은내까지 ㅜㅠ 신관은 어떨지 모르겠지만 구관은 별로임당"
뜰안채 게스트하우스,3,옆칸 손님 소리가 퍽 시끄럽네요... 이 값이면 일반모텔 특실이 훨씬 나을듯요...
뜰안채 게스트하우스,4,사장님 친절하시고 깨끗합니다. 건물 내부도 아기자기하게 꾸며놨습니다. 경기전 옆이라 위치도 좋습니다.
초가집,5,"한옥마을 깊은 골목에 있어서 쉽게 가지 않는 곳에 초가집 카페를 발견했어요. 북적거리고 요란한 한옥마을 분위기와는 달리 고즈넉하고 조용한 카페입니다.
초가집을 개조하지 않고 옛 구조 그대로여서 삼삼오오 여행하거나 차를 마시며 대화하기 참 좋은 곳입니다.
펜션을 겸하고 있어서 초가체험을 원하는 분들에게는 제격일듯 합니다."
초가집,5,"조용하고 아늑하고 음료도 맛있다.
다리뻗고 누워 쉴수도 있게 공간 분리가 잘 되어 있어서 여행 가운데 아주 잘 쉬었어요"
초가집,4,분위기가 참 좋고 불빛과 한지 문의 아름다움은 감동입니다. 침구는 조금 불편했지만 벌써 그립네요^^
초가집,5,"전통 초가집서 먹은 전통메뉴, 미숫가루 쌍화탕 먹고 감, 분위기 있음"
초가집,5,무더위에 잠깐 쉬었다갈 수 있는 예쁜 곳이네요. 친절한 사장님과 직원들이 더 빛나는 곳이네요. 잘 쉬었다 왔어요. 특히 오미자차 맛나요!!!
양사재,5,"한옥마을 메인 거리에서 거리가 조금 있지만 오히려 조용해서 좋습니다. 유의사항에도 있듯 객실간 방음은 잘 안됩니다. 각 방에 화장실을 넣은게 신기했어요 들어가는 문이 작아서 이상한나라의 엘리스 느낌으로 사용했습니다. 에어컨, 온돌바닥, 드라이기도 있고 아주 잘 쉬고갑니다~"
양사재,3,분위기 좋습니다만 내부가 많이 허접해요 에어컨이 있지만 난방기능이 따로없고 전체보일러만 있어서 밤에 조금 추웠습니다. 내부 도배되어있는 벽지는 노랗게 변색되서 바퀴벌레가 나올것같은 비쥬얼이었는데 깨끗했어요. 그래도 찝찝함은 어쩔수없었습니다 벽에 그림을 걸어놓으셨는데 그림보다 거울이 있었으면 좋았을것같아요. 거울없어서 조금 불편했습니다. 사장님 친절하고 공기좋은곳에서 하룻밤 즐겁게 머물다 갑니다
양사재,4,지인 분에  추천 으로  간  이곳  한옥에  고즈 넉함이  좋아서   편안 하게  잘 쉬다  왔다
양사재,4,"이불도 깨끗하고 관리를 잘하시는거 같아요! 에어컨도 있어 시원해요~ 그런데 TV, 냉장고는 없어요~~ 그리고 여름이라 모기가 있어요...모기향은 피워주시는데..모기퇴치제 준비하는게 좋을꺼 같아요..
그리고 화장실에만 거울이 있어 여성분들이 많으면 불편한 점이 있네요!"
양사재,5,"한옥마을에서 가장 의미있는 공간 중 하나

과거시험 소과 합격자들이 공부하던 곳

가람 이병기 선생도 공부하신 곳

옛날 소학교로 사용이 되었을 만큼 규모있는 한옥

전주향교 부속 건물이지만 현재 숙박이 가능하게 변용 중

곳곳에 아름다운 서각과 글씨를 볼 수 있음

8개의 숙박이 가능한 방이  있음

단칸방 7개와 그 단칸방 2개를 합한 패밀리 룸1개

각방 화장실 있음

정원이 아름답게 가꾸어져 있음

사이사이 숨은 조각상 찾는 재미도 솔솔"
이담,5,
성심,5,"조식이에요.
친절하시고 깨끗하고 좋아요.
10시이후 조용하라고 했는데 옆방화장실문소리까지 에어컨 물버리는큰소리에 깜짝 놀랐어요.
너무조용하게 있으니 애들하고 가는건 아닌듯"
성심,5,"숙소는 관광하기 수월한 위치에 있으며  깨끗하고 사장님 부부 친절하십니다~  1박~ 아침 모닝식사 제공해주시고 토스트 커피 ,  과일(5가지)~~~~ 퇴실할때 간식까지 챙겨주십니다^^ 굿굿"
성심,5,사장님이 매우 친절하시고 아침에 푸짐한 과일이랑 차를 제공해주시네요. 위치상 밤에 좀 시끄러울 수 있다고 미리 말씀해주시는데 한옥마을 분위기가 다른 관광지에 비해 소란스러운 편은 아니라 전혀 문제 없었습니다. 주차장도 가깝고 한옥마을 내에 여기저기 다니기 좋아서 만족스러웠네요.
성심,5,"침구도 깨끗하고 한옥마을 내에 있어 관광하기도 좋구요, 아침에 간단한 토스트와 커피 과일까지 초고의 숙박이었어요"
성심,5,"작년에 이에 또 왔습니다. 한옥마을 중심의 좋은 위치(good location), 깔끔한 실내(nice interior),   친절함까지(kindness). 만족합니다"
동락원,5,태조로와 은행로가 메인인데 가까워서 좋았어요. 아침에 바퀴벌레 한마리를 화장실에서 봤는데 그정도는 당연한 거라고 생각합니다.  402호 묵었는데 넓고 따뜻해서 좋았어요. 6세 조카는 여기서 살고 싶다고 했어요~
동락원,5,"족욕은 체크인 전에 했는데,좋은 것 같아요!
난방 잘 되고 외풍도 없고 좋았습니다."
동락원,3,"오래된 한옥 고택을 숙박업소로 개조해놓은곳입니다
고택과 정원은 아름답습니다.
개조된 방들은 조금 불편스럽습니다
그렇지만 하루밤 머무는곳으로는 충분하다고 생각합니다"
동락원,5,"엄마와 함께 한 여행의 첫번째 숙소.
한옥 마당으로 쏟아지는 햇살과 바람이 온전한 한옥을 느끼게 해주는 아름다운 숙소입니다.
한옥마을 관광 후 족욕체험까지 하고나니 피로가 확 풀려요.
전주 근처엘 간다면 또 가고싶은 예쁜  숙소입니다."
동락원,3,"편안하고 잠자리도 좋아요. 다만 방이 좁아서인지 에어컨 켜면 5분쯤 후에 춥고, 끄면 금방 더워요"
풍남헌숙박,3,"한옥에 잔다는건 메리트있는 경험일것같으나 우풍이심해서
숙박한대부분사람들이 다 감기걸려서
아침에 기침소리에 일어나게돼더군요"
풍남헌숙박,4,전주 한옥마을 한복판에 있어서 접근성이 좋아요. 불편함 없이 1박 했습니다.
풍남헌숙박,5,"고택에서  휴식 하면서 힐링 하면. 베터리 빵~~
조식은 따로 없음~
전통 그대로 고수하는. 고택입니다"
풍남헌숙박,3,분위기 좋지만 방이 좁고 방음 안되고 우풍이 조금 아쉬움
풍남헌숙박,3,"good or bad
이유:tv는있는데 어떤방은tv가없고tv가별로이기때문이다.
난방도되기때문에보통이다"
삼락헌,4,"12월초 전주 한옥마을를 딸의
추천으로 갔었는데 객실도 깨끗하고
위치도 찾기쉬운곳에있었고 주위주변상황도잘알려주시는
사장님의친절한써비스도최고였서요
남부야시장에는 여러가지먹거리가
정말 많이 있었서요. 우리들은
육전도먹고닭발도먹고 닭염통도먹고
피순대도먹고등등 먹었는데....음..
잘~선택해서드셔야돼요....^^~
교동떡갈비는최고였어요. 육회비빔밥도 최고였고요."
삼락헌,4,"전주한옥마을 중심에 있어서 주변 둘러보기 편리했다. 봄,여름,가을,그리고,겨울 방중에 여름을 선택했다. 가격 괜찮았고 이불 베개 편하고 방도 적당히 따뜻하고 좋았다. 다만 한옥특성상 방음은 기대하기 힘들었다."
삼락헌,5,깨끗하고 좋았습니다. 식구가 5명이라 숙소잡기가 어려운데 추가요금내고 쾌적하고 깔끔한곳에서 묵었습니다. 일요일예약이라 가격도 저렴했고 조식도 맛있게 잘먹었습니다. 감사합니다. 다음에도 전주가면 예약하겠습니다^^
삼락헌,5,"지난주 90다되신 엄마와 딸 넷이서 1박했었습니다.
봄이 온 길목에서 이름도 예쁜 '봄'이란 객실에서...
남편분이 삼락헌을 담당하시고
바로 근처에서 '입다'라는 한복대여점을 아내분이 하시더라구요. 남편분 재밌으시고, 친절하시고.... 한옥도 쾌청하고, 소품하나하나 인테리어도 세심하게 신경쓰신 거 같았습니다.
일요일 오전, 바쁘실텐데 아내분께서 한복입은 저희 가족 단체사진도 일부러 시간내서 찍어주시고 감사했습니다~~~ 안타깝게도 제가 노안으로 나와 첨부 안합니다.ㅋ
언니들이 숙소 좋은데로 잘했다고 칭찬연발했고,  이번달 말에 전주찾겠다는 지인에게 바로 추천 들어가더라구요~
언제 저도 혼자나 또는 친구들이랑 또 찾고 싶은 생각입니다. 아침에 소소하지만, 정성가득한 조식도 감사했습니다~
별 열개 드리고 싶어요.
정성이 있는 숙소, 번창하시길!^^"
삼락헌,5,"깔끔한 내부와 친절한 사장님 설명 덕에 다음에도 또 오고 싶어지는 곳!
현지인으로 맛집과 가볼곳 추천 또한 최고👍"
전주한옥마을 홍시 한옥,4,"그냥 시골 사랑방에 현대식 화장실과 샤워시설.
내부음식취사안됨.냉장고없음.시골집처럼 문밖이 바로보여서
개인 프라이버시문제 조심."
장수한옥민박,4,"객실은 비교적 깨끗하고 쾌적했습니다.
주인분께서도 친절하게 안내해주셨구요^^
한가지 아쉬운점은 조식제공 문구를 확인하고 갔는데 조식이 제공이 되지않았습니다.
아침에 주인분께 전화로 문의하니 손님분들이 많이 이용을 안하셔서 준비를 하지 않았다고합니다.
미리 전날 조식 이용여부를 확인하시고 준비해주시는 것이 더 좋을듯합니다.
그 부분이 조금 아쉬웠네요~"
장수한옥민박,3,"옆방 방음이 전혀 안됩니다.
샤워하긴 좋네요"
장수한옥민박,5,"새로 오픈한 한옥 스테이로, 2층방을 제외하고 일층의 방들은 방마다 화장실이 구비되어 있습니다.
(2층은 일층 주방옆에 있는 화장실을 이용하시면 됩니다.)

주방에는 요리하는 시설은 못쓰시고, 냉장고, 그릇, 설거지, 정수기 등이 있어서 음식을 사다 드시는 것을 재외하고는 모든 하실수 있게 되어 있습니다.

스테이 자체 와이파이가 있고 방마다 KT세탑이 달린 티비가 있습니다.

위치는 오목대에서 내려오셔서 메인 거리에서 바로 오른편에 있구요.

전화로 주인분께 연락을 드리면 사장님께서 계신위치까지 마중을 나와 주셔서 좋았습니다.

가격은 방마다 틀리지만 제일 작은방이 60000원인데 4인가족이 좁긴하지만 충분히 사용 가능하시구요 6인 이상이면 대략 75000원에 이용 가능합니다. (주중가격 기준)

그리고 한복이 준비가 되어 있기 때문에 따로 원하는 옷이 아니면 스테이에 준비된 한복을 입고 돌아다니셔도 됩니다. 원래는 한시간이라고 말씀은 하시지만 더 입고 돌아다녀도 .. 말씀은 안하시는듯 해요."
장수한옥민박,5,한옥이라서 그런지 소나무향기가 매우 좋습니다. 그리고 여사장님이 무척 친절하고 한옥마을 중심지에 있어서 좋았습니다. 기분좋은 숙박이 되었습니다.
장수한옥민박,5,"한옥마을 내에 있는  공간좋은  한옥집
전주 한옥 마을 가실분들
강추합니다
한복도  무료 대여해주십니다 ~"
한옥숙박체험관,4,가격대비 좋습니다. 대략 하루에 6만원대에 예약하면 됩니다. 침구류나 방도 깨끗합니다. 방이 작아서 둘이 가서 쉬기 좋습니다. 다락이 있어서 아이들이 좋아할 수 있으나 가파른 사다리를 올라가야 해서 다소 위험합니다. 창호가 좋은지 방음도 잘 되는 편입니다.  마당이 넓어서 좋습니다. 들어가는 길이 예쁩니다.
한옥숙박체험관,5,깔끔하고 사장님께서 친절하셔서 정말 좋았어요.!! 약간 떨어져있지만 전용 주차장이 있는게 너무 좋았네요. 잘쉬다갑니다
한옥숙박체험관,5,한옥마을 중심에 있어서 위치가 편리하고 조식도 줘서 좋아요
한옥숙박체험관,5,친절하신 사장님과 아늑한 방..깨끗한 시설..맛있는 커피와 토스트 너무 좋아요..왕 추천합니다!
한옥숙박체험관,3,비교적 싸고 한옥 마을 한가운데라 어딜 가기도 편함. 다만 생각보다 많이 좁음.
소소한한옥,4,"다 너무~ 좋은데 밤에 입실하시는 분들을 위해서 밖에 있는 ""소소한 한옥"" 간판을 환하게 빛으로 좀 비춰줄 필요는 있을 것 같아요. 밤에 입실하려고 하는데 전화기도 전원이 다 나간 상태에다가 간판까지 어두워서 찾기까지가 좀 많이 어려웠어요 ㅠㅠ 그래도 조식도 엄청 잘 먹고 편히 쉬었다 갑니다~^^"
소소한한옥,5,
인디고 게스트하우스,5,한옥 느낌이라 좋아요. 마당에 데코도 이쁩니다
인디고 게스트하우스,4,분위 좋고 이쁜 게스트 하우스 입니다. 단 방음이 좀 약해서 문 여닫는 소리에 잠을 깨서 약간 아쉬웠습니다.
인디고 게스트하우스,5,시골고항집같은 맘 편한곳이네요
인디고 게스트하우스,5,마당이 참 좋아요 따뜻할 때 또 오려고요
인디고 게스트하우스,4,조용하고 분위기 좋은 게스트 하우스 한옥 마을 및 막걸리 거리가 가까워서 좋다
더한옥 (The Hanok),3,방안에 창이 없고 벽을 옆방이랑 함께 써서 불편하지만 한옥마을안에 잘수 있다는거에 만족합니다. 참고로 차량 통제가 10시부터 시작 되니 퇴실할때 참고 하세요 저희는 모르고 10시 다 되어서 주차장까지 걸어갔음...ㅠ
더한옥 (The Hanok),5,"조용하고 깨끗합니다
사장님 정갈하고 친절하심
큰방에 있는 바디프렌드  안마의자도 뜻밖의 힐링요소"
더한옥 (The Hanok),5,"쥔장^^~두분이 참친절하시고요
더 한옥은 한옥마을 중심부쪽 그래도 한가한 골목길 안쪽에 자리잡고 있어 ‥아늑하고 평온합니다 ‥
또 중국어 영어에능통해서 외국인친구들과 함께 오셔도 의사소통이 불편하지 않아요^^
아침엔 조식으로 따뜻한가래떡과 과일이 나온답니다^,^:)"
더한옥 (The Hanok),5,"하트씨가 들어있는 사랑초,
청사초롱, 여주~~ 넘 예뻐요.
주인마님의 정성의 손길이 느껴지는 마당과 정원에 ~~ 힐링의 공간으로 넘 좋았지요."
더한옥 (The Hanok),5,"더한옥 공영주차장에서 도보 5분~ 저는 금요일에 가서 더한옥 바로 앞까지 갔고, 돌아오는 날은 일요일이라 교통통제가 있어 5분 걸어가 공영주차장에서 타고 왔네요~~ㅎ 편하게쉬다왓음당^^"
푸른요람,5,주인의 정성이 가득한 집입니다.내부에 한지로 모두 도배되어 있구요 아침에 흑임자죽이랑 빵을 식사로 줍니다.  사장님 정이 넘치고 매우 친절합니다
푸른요람,5,"6,7세 자녀 둘 데리고 다녀왔습니다.
매우 친절하시고 편안하게 대해주셔서 친정집에 하루 묵고 가는 느낌입니다. 배려하고 반겨주시는 진심이 느껴졌습니다.
청결 편안함..사진과 후기 그대로입니다.

도착 전, 주차 및 주변 맛집과 이용가능한 체험장을 자세히 안내해주셔서 너무 좋았습니다. 저렴하게 체험했고 소개해주신 업체도 친절하고 퀄리티 있었습니다.

숙소 앞 거리도 예쁘고, 아침 저녁으로 아들딸과 거리 산책했습니다. 주변맛집과 한복대여집도 이용해 좋은 추억쌓고왔습니다. 다음에 또 전주에 간다면 이용하고 싶네요.
너무 감사합니다."
푸른요람,5,"우앗... 1인실 숙박하고 있는데
너무 좋아요 방도 아담하고 화장실도 혼자 쓰고
차를 마실수 있는 공간도 있고
세상에 들어오자마자 만족 만족 대만족입니다!!!
강추예요
혼자 숙박하는거라  게스트하우스 이용하려다가
여행중 하루는 한옥에서 자고 싶어서 이용하게 되었는데... ㅠ
잘한것 같아요 ~"
푸른요람,5,"아름다운 곳입니다 ~ 한옥이 아주 예쁘고 깨끗합니다.주인들은 아주 친절하고 잘 도와주는 분들이니까 도움이 필요하시면 주인들에게 물어 볼 수 있습니다 ! 전주에 다시 오면 꼭 여기에 다시 올 것이다 ! 푸른 요람을 추천합니다 ~ 또한 이 곳이 아주 조용한 장소입니다.

I recommand this place, the hosts are very kind and helpful. So if you need something do not hesitate to ask to them ~ If I come back to Jeonju I will return there for sure !

C'était un magnifique séjour, le hanok était super joli, les propriétaires étaient vraiment adorable et près à aider si vous avez besoin de quelque chose. De plus, l'endroit était vraiment silencieux. Je reviendrai ici pour sûre si je venais à revenir à Jeonju."
푸른요람,5,"푸른요람에 머무르며 좋은 한옥체험을 했습니다
사장님부부와 진솔한 삶도 나누고 정직하게 운영하는 한옥체험의 장소이더군요!!!
요즘같이 삭막한 시대에 마음의 여유를 가지고 떠납니다~~ 깨끗하고 친절하고 굿 입니다^^
감사합니다"
교동가온,5,"내부는 여관의 느낌 , 외관은 한옥입니다. 하지만 사장님 친절하시고 위치가 좋아요, 한옥마을 한 가운데라고 해야되나요?
아침에 근처의 콩나물 국밥 먹기 좋았어요."
교동가온,5,"예쁘고 깔끔한 숙소, 뽀송뽀송한 침구.. 청결을 중요시 하는데 완벽했어요~ 정문으로 이어지는 한적한 오목대 산책길완죤 취향저격이었네요.. 하루 잘 쉬고 갑니다~^^"
교동가온,5,"너무좋아요!한옥을 그대로 경험할 수 있고 주인아주머니도 너무 친절해요~
예쁘고 벽화마을 중앙쯤에 위치하고있어서 이동도 편해요!!"
교동가온,4,깔끔하고 좋습니다. 옆방에 누가 머무는게 중요할수도 있다는걸 느끼긴했는데.. ㅎㅎ 사장님도 좋으신분 같습니다.
교동가온,5,한옥마을내에 있어 관광하기좋고 깔끔했어요
여행가,4,"위치도 괜찮고 주방시설도 잘되어있고, 주변 맛집이 많음, 단점은 주차 하고 다른곳으로 이동시 주차하기가 어려움... 주차빼면 다 좋음"
전주 한옥 토박이 펜션,5,"예쁜 동네의 한가운데 위치해서 한옥마을 전체를 걸어서 갈 수 있고 주위에 먹을거리나 산책할 곳이 많아 좋네요
사장님도 너무 친절하시고 모든면이 만족스럽습니다
전주에 또 오게된다면 다시 방문하고 싶네요
노란옷 입은 두 아이가 숙소앞 물놀이터에서 재미나게 놀아 더욱 만족스럽습니다"
어울림게스트하우스,5,조용하고 엄청 깨끗하고 예뻐요
어울림게스트하우스,4,"한옥마을 내부에 위치해 찾아가기는 용이했고 실내가 깨끗하고 아담한 마당이 있어 좋았습니다
다만 보이는 것보다 내부가 좁았습니다"
어울림게스트하우스,5,여기 적극추천합니다 ㅎ 깨끗하고 분위기좋고 조용해요 ㅎ 화장실도 엄청 깨끗해요 ㅎ
어울림게스트하우스,5,작지만 아늑한곳! 한채를 빌리는것이 편함.
어울림게스트하우스,5,조용하고 깨끗함. 토스트와 커피가 있고 가격도 저렴함.
오목헌,5,"생각보다 작지만 아늑하고 관리가 잘되어있으며 따뜻함.
오랜기간 웨딩사진 찍으신던 사장님이 사진을 찍어주며 한두장이 아니 여러장의 멋진 사진을 찍어주셨음.
위치가 한옥마을 중앙이라 휴가로 가기 매우 좋고 중간중간 들려 쉴수 있음"
오목헌,5,한옥 숙박시설 #전주한옥마을# 예쁜 한옥.
오목헌,5,"사진이 잘 나와서 너무 감사드리고, 다음엔 여유의 시간을 같고 가족과 방문하고 싶네요."
오목헌,4,"아직은 안 자봤지만 들여다보니,

왠만한 이름( 떠들석)알려진 곳보다 방 속이 큼 한옥마을 중앙이라 동선편리 오목정( 정자) 뒷집

사진도 고급퀄리티 찍어주심 ( 은박가리개판
사용)"
오목헌,5,두번째 방문입니다~오늘도 사진 예쁘게 찍어주시느라 수고 많으신 사장님께 감사드립니다
단잠,1,"제가 진짜 리뷰 안 쓰는데
이 민박인지 게스트 하우스 절대 가지 마세요

1. 호텔스닷컴에 무료 주차 라고 표시되어 예약했으나
도착해서 전화하니 근처에 무료로 주차 가능한 곳에 주차하고 도보로 15-20분 걸어오면 된다고 합니다
무료 주차장 이라고 표시한 게 아니니
전혀 문제가 아니라고 얘기해서 어이 상실요

2. 아침식사 제공 이라고 호텔스닷컴에 써있고
방내 안내문에도 써있는데
담날 오전에 주인한테 전화했더니
코로나 땜에 식사 제공 못한답니다
그러면 왜 호텔스닷컴 안내에는
무료 아침식사 제공 써있냐고 했더니
08:30분에 전화했는데
“식빵이라도 사다줘요? 지금은 안되고 10시까지 가능”
이라고 하네요

3. 빠르게 나온 후
호텔스닷컴에 상담원 통해서 컴플레인 했더니
제일 황당한 건
민박 주인이 호텔스닷컴 전화를 안 받는다고 합니다
상담원이 전화하면 그냥 끊는대요
(09시 최초 상담원 전화 연결, 11:59 현재 2명의 상담원 모두 주인측에서 전화 안 받는다고 내용 확인이 불가하다고 합니다)
얼마나 이런 일을 많이 겪었는지, 안봐도 비디오

저라면 다시는 안 올 곳입니다
(추가로 무료 와이파이도 잘 안 잡혀서, 제공 안되는 것과 거의 같습니다)

주인이 전화와서 사과하는 줄 알았더니
소리 지르면서 막말을 하시네요 (최초 통화부터 모두 녹음 완료)

모든 걸 떠나서 처음부터 주차든 아침이든
사과 한마디 하셨으면 조용히 저도 넘어갔을텐데
ㅎㅎㅎㅎㅎ
앞으로
장사 안하신답니다! 참고하세요~

I don't really write reviews.
Never go to this guesthouse or guesthouse

1. I made a reservation because it was marked as free parking on Hotels.com.
When I arrived, I called and they told me to park in a nearby free parking lot and walk for 15-20 minutes.
It's not marked as free parking.
I'm at a loss for saying it's not a problem at all

2. It says on Hotels.com that breakfast is provided.
It is also written in the room guide.
I called the owner the next morning.
We can't provide meals because of Corona.
Then why is Hotels.com
information on it?
I asked if there was a free breakfast.
I called at 08:30.
“Can I buy you some bread?  Not now, but until 10 o’clock.”
It is said

3. After coming out quickly
I complained to Hotels.com through an agent.
the most absurd thing
B&B owner says he doesn't answer Hotels.com calls
When the agent calls, it just hangs up.
(The first call to the agent at 09:00, as of 11:59, both agents say that the owner is not answering the phone, so it is impossible to check the details)
How many times have you been through this, even if you don't watch the video

If it were me, I would never come again
(In addition, free Wi-Fi is not well established, so it is almost the same as not being provided)"
단잠,5,"친구들하고 신년맞이 전주를가고싶어서
조용한곳 찾다가 가게되었는데요
제가 여행을많이 다녀봤지만
이불이 너무깨끗해서 제일만족스러웠어요!!
방도 깔끔하고
여쭤보니 재오픈한지 1달남짓 되셨더라구요!
아침에조식도너무맛있고
이불깨끗하고 조용하고
재방문하고싶어요!! 강추합니다~~~"
단잠,5,새로 온 사장님 되게 친절하세요
단잠,4,방이 살짝 좁지만 괜찮습니다.
단잠,4,"한옥 숙박은 처음이에요.
너무 따뜻하고 화장실도 깨끗하게 잘 이용했어요."
보리수 자수 게스트하우스,5,"아이 둘과 주말을 보냈는데 한옥마을 남천교? 입구쪽이라서 찾기 쉬웠고요, 혹시 가방을 맡아주실까 조금 일찍 방문했는데 흔쾌히 준비된 방을 내어 주시고 조식도 챙겨주시고요, 아이를 예뻐하시는 사장님의 친절에 편하고 즐겁게 놀다 왔어요. 방도 깨끗하고 자수이불도 예쁘고 만족했습니다^^"
보리수 자수 게스트하우스,5,주인 아주머니께서 인상이 엄청 좋으시도 무척 친절하시다. 숙소도 아담하고 아늑함. 단점은 주차할 공간이 없음. 그래도 강변 도로를 잘 찾아보면 주차할 수 있음~!
보리수 자수 게스트하우스,5,"전주에 3시에 도착해 보리수자수가서 짐풀고 한복대여예약해놓은 곳에 가려고했는데 예상보다 1시간 더 늦게 도착해서 한복입고 사진찍다가 보리수자수전화를 받고 7시에 도착했다. 22시이후 체크인은 문의달래서 그 전에만 가면 되겠지했는데 걱정 끼친 것 같아 죄송했다. 아주머니가 그런데도 따뜻하게 맞아주시고 안내해주신 새틴방에서 어디가면 좋다 저렇다 설명해주셔서 너무 감사했다. 조식도 매우 만족! 옥상테라스도 있으니 여기서 잠깐 노는 것도 추천

드라이기, 샴푸, 린스, 바디워시, 치약, 양치컵이 준비되어있다. 와이파이는 비번이 써져있긴한데 인터넷연결이 안되서 영문을 모르겠음."
보리수 자수 게스트하우스,5,한옥마을안에 있으며 실개천이 흐르는 메인도로인 은행로93~5 의 위치에 있어 한옥마을 그 어느곳을 가더라도 5~10분 거리에 있어서 한옥마을 여행에는 아주 편안한 위치에 있어요~^^
보리수 자수 게스트하우스,5,"전주 한옥 게스트 하우스중 최고인듯..
깨끗하고 따듯했습니다..
주인 아주머니께서도 매우 친절하시고..
간단하게 나오는 조식도 맛났습니다.."
좋은날 - 꽃밭정원이 예쁜집,1,리뷰가 왜 좋은 거임? 아무리 봐도 조작 같음 사진이랑 다르고 베개 이불 다 누렇고 수건도 김치국물 같은 거 묻어있고 정상인 게 하나도 없음 화장실 천장 개낮고 체크아웃 열시인데 8시부터 사장 아줌마랑 청소 아줌마들끼리 와서 노래 틀고 호미질하고 시끄럽게 떠들고 신발 떡하니 있는데 문 그냥 열었음 이 가격에 더 좋은 데 찾으면 많으니까 오지 마세요 베개에서도 쉰내 났음 별점 왜 좋은지 모르겠음 이불만 봐도 이런 점수 절대 못 주는데 위치도 별로임 주변에 가로등도 별로 없음 방음도 안 좋음 중앙난방인지 더워죽겠는데 보일러 끄지도 못함
좋은날 - 꽃밭정원이 예쁜집,4,"인터넷에서 본 쌤풀과는 거리가 확연히 다르며 외부의분위기(주변환경)는 시골풍습이라 표현하고십네요
좀~주변이 답답하네요"
좋은날 - 꽃밭정원이 예쁜집,5,"여사님의 배려깊은 친절함!
오랜세월속에 배여있는
익숙함 속에
아기자기.조목조목한
작은 야생화의 정원
넘 예쁘고 아름다워요~~
한옥에서의 따뜻하고 포근함과
편안함 으로 일정을 마치며
돌아갑니다.
늘 건강 하시어서
오래오래~
찿아오는 모든분들께
휠링 될수있게 해주세요 ~
감사합니다.
평안 하세요 ~~"
좋은날 - 꽃밭정원이 예쁜집,5,"아기자기하고 정성스럽게 꾸며진 예쁜 정원.깔끔하고 정갈한 방과 침구들,
한옥마을 명소및 맛집 소개,
따뜻함이 느껴지는 과일및 음료의 융숭한 대접, 황토방에서의 힐링및 가뿐함까지~
또 가고싶은 이유가 너무 많은 곳.
소품하나하나에서 주인장의 정성이 느껴지고
응대에서 정과 배려와 따뜻함을 느끼며 묵었습니다.
감사하고
친절하신 사장님의 건강과 번창하시길 바라보면서
~~

다시 또 들르겠습니다."
좋은날 - 꽃밭정원이 예쁜집,4,"주인장의 친절한 가이드가 너무나 감동적이었다. 더운 여름밤에 오목대와 청연루, 항교 등 야간 투어를 친절하게 가이드해주셨다.
숙소는 깨끗하고 높은 서까래와 아기자기한 방꾸밈이 인상적이다."
청사초롱,4,"한옥 마을 안쪽에 있어 차만 주차시키고 걸어다니기 좋습니다.

초롱방을 이용했는데 성인 남성 4명이 사용하기에 좁지 않았습니다.
화장실도 샤워하는데 불편없는 크기로 편합니다."
청사초롱,3,주차 힘들고 인근 주차장 모두 유료
청사초롱,5,위치도 좋고 방도 아늑하고 깔끔하여 가족 단위나 단체 여행객이 이묭하기에 적당함. 대화를 나늘 수 있는 공용 거실이 있어 좋음
청사초롱,5,간단하게 조식도있고 주인사장님도 친절하게 코스도 설명해주시고 좋았어요~^^
청사초롱,5,게스트 하우스치고 모든방마다 화장실이 있고 사장님이 엄청 친절하십니다
전주한옥태조궁호텔,2,"이 지역 몇 군데의 숙소를 예약했는데, 여기선 전혀 편하게 쉬질 못했네요. ㅠㅠ 오래된걸 리모델링 하신건지 룸상태는 괜찮아 보였으나, 암막커튼이 다 젖혀지지 않아 빛도 차단안되고 방음도 안되고, 실내 온도 컨트롤을 개인이 하지 못하는데, 쾌적하지 못한게 아쉽습니다. 샴푸컨디셔너바디클린저 칫솔 샤워솔은 지급되고 주차시설 조금 떨어진 곳에 있습니다"
전주한옥태조궁호텔,3,겉모습과 위치가 다 했다.. 객실을 아주 뜨끈하게 해주셔서 감사했어요~ 내부 룸컨디션은 모텔이라고 생각하시면 됩니다.
전주한옥태조궁호텔,5,"객실이 생각보다 깔끔해서 좋았어요
주차는 옆 교회건물에 편하게 하고 침구도 깨끗하고 온돌방도 있어서 아이들과 편안하게 보내고 왔어요"
전주한옥태조궁호텔,1,"보이는 부분은 친절한척 하지만 문제가 발생하여 항의하면 영 딴판입니다.
젊은 사장이 완전 수준이하.
두번은 오고 싶지 않은 모텔입니다.
겉과 속이 완전이다른 싸구려 모텔 수준임."
전주한옥태조궁호텔,4,한옥의 느낌을 잘살린 가성비 호텔. 위치적으로도 접근성이 좋아 단기로 여행하는 입장에선 아주 만족. 월풀스파방 이용했는데 여행의 피로를 날려주는 느낌이라 좋았음. 중앙난방이라 온도조절이 마음대로 안되는게 흠.
오늘도묘한밤,5,"분위기 다 좋았습니다.
다만 화장실이 생각보다 더 작고 우풍이 생각보다 더 있습니다.
그래도 분위기 하나는 최고네요.
중심부로 부터 다소 거리가 있습니다만, 전주 향교와는 가까워 좋았습니다.
주차는 바로 앞에 혹은 전주향교 주차장에 주차하셔야 할 것 같습니다.

루프탑을 기대하시기는 어려울 것 같습니다.

다른 한옥 숙소와는 다르게 조용하고 각자의 장소에서 머무는 것이 좋았습니다.

다른 한옥 숙소를 보니 소음 공해 등에 어려움을 겪는 분들이 많았습니다만, 이 곳은 전혀 그렇지 않았습니다."
금원당,5,주인분이 친절하고 좋았어요! 풀꽃방이 생각보다 넓고 찜질방온것처럼 좋았어요. 예상했던것보다 훨씬 깨끗하고 좋았어요. 경기전까지 조금 멀거라고 생각했는데 생각보다 가까웠어요
금원당,3,방음이 잘 안됩니다. 시끄러운 소리 말고도 일상적인 대화가 다 들리네요.
이화원 고택,3,"방은 우풍은 쎄긴했지만 온돌이 너무너무 따뜻했어요. 근데 욕실 세면대가 물이 잘 안내려가서 불편했어요.
방에 컵이라도 하나 있었으면  좋았을텐데..
종이컵사서 쓰긴 했지만.. 그래도 아쉬웠어요."
이화원 고택,1,"별하나도주지않고싶지않아요
절데여기는가서는안되는곳입니다
주인은전화로만손님관리하구요
폐가에서자고온느낌요
전혀관리도안되구
거미줄에먼지에벌레가있구요
마당에는잡초가득..
죽은나무들만있어요
손소독에는먼지만가득~이런식으로남의돈가져가려하면안되죠
절데가지마세요"
이화원 고택,4,"지인들과 같이 방문하게된 이화원 고택^^♡
여기저기 많은 숙박시설은 이용을 해봤지만 고택에서는 처음이네요♡♡/
국민학교 방학때 외가댁으로 놀러갔던 기억이 많이 떠오르는 하룻밤이었습니다!
돌아가신 외할머님도 생각이 나고~
시설이 깨끗하고 정리정돈이 잘 된 고택이네요^^
앞마당에 오래된 정원수에 석류가 열려있네요!
떨어진 석류를 먹어보니 새콤새콤새콤한 맛이 입맛을 돌게해주네요~~~ㅎ
고택 마루가 많이 작은게 아쉽네요!
들어와서 전주막걸리를 세명이서 마시는데 너무 작아서 의자를 두개 쓰고 나머지는 마루에 걸터앉아서 교수님형님과 늦게까지 많은 이야기를 나누고 잤네요.
공기가 좋으니 아침에 숙취도 없이 기분좋게 일어났습니다^^"
이화원 고택,5,좋아요
이화원 고택,1,더러워요
하늘기와,5,"인터넷 검색으로 엄청 찾아보고 선택한 곳인데 다행히 좋았어요..
청소도 깔끔하고 이불들도 깨끗하고 뽀송 했어요. 에어컨도 시원하고 안에 치약부터 수건 다른 도구들도 잘 구비되어 있어요..
다음에 간다면 또 이용할듯요.."
하늘기와,5,"전주한옥마을을 가려할때부터 한적하고 저용한 장소를 첮으려했던 적당한 장소가 바로 하늘기와..
후기평도 좋았고 위치도 중심부가 아니라 초입쯤이라 코스 짜기에도 좋았네요.
좁은 골목을 지나면 하늘기와 간판을 쉽게 찾을 수 있었고 문을 열고 들어가면 아기자기한 정원과 건물이 나와요. 벌서부터 이거다 싶은 느낌은 충족.
마루에 걸터앉아 내리쬐는 햇빛을 느끼며 어릴적 살았던 고향집 마당이 생각났어요.
방은 아담하고 화장실은 구조상 살짝 좁지만 샤워를 하기에도 그리 어렵지 않았어요.
집주인 내외분이 부담스럽지 않을정도로 말도 걸어주시고 이거저거 챙겨주시고.. 고향집 온 기분 ㅎㅎ
특히 밤에 마루에 누워 별풍경 보고있으면 꿀잠은 기본이고 운치가 아주 좋아요.
조식은 과일과 토스트, 갓구워나온 고구마(ZMT)와 우유, 커피 등 충분한 식사였어요.
잘 쉬다간다는 살짝 더 있다가고 싶은 생각이 드는 아주 만족스런 곳이였어요."
하늘기와,5,"혼자 한옥마을에 구경가서 한옥에서 자고오고싶은데 저렴한 곳으로 찾고싶고 방은 너무 안 커도 되지만 깔끔했으면 좋겠고  조식도 먹고싶다면 바로 여기...!! 저는 '목서'방에 머물렀는데 혼자 조용히 지내고 오기에 딱 좋았어요. 오후에 비가 잠깐 와서 문 열어놓고 마당 스피커에서 나오는 잔잔한 가야금 음악을 들으니 마음에 여유가 찾아오는 것 같았습니다. 한옥마을 안에 위치해 있어 왠만한 관광명소들까지 이동하기가 쉽고, 특히 남천교가 엄청 가까워서 밤에 야경 보고 오기 좋아요. 샴푸/린스/바디워시, 수건,치약,드라이기,거울,티비,옷걸이 등 잘 구비되어 있습니다. 조식도 토스트,과일,차와 커피,주스,삶은 계란 등등 있고(취사는 안되는 것 같아요) 밤에 잘 때는 바닥에 불을 넣어주셔서 따뜻하게 잘 잤습니다. 사장님 참 친절하시고
마음의 평화 소소하게 얻기에 딱 좋은 곳...저는 담에 전주 갈 일 생기면 또 갈거에요"
하늘기와,3,"썩 괜찮은 가격에 한옥체험 가능한 숙소. 한옥마을 강변쪽에 위치해서 산책하기도 좋고 주변 볼거리 먹거리도 쉽게 즐길수있음. 다소 작은 방이지만 커플이 묵기에 적당하고 욕실겸화장실이 딸려있어 편함. 방은 따뜻하지만 많이 건조하니 젖은수건을 걸어두고 자야할듯. 욕실은 춥긴하지만 온수가 잘나오니 샤워하기 크게 불편하진않음. 수압은 살짝 아쉽지만 나쁘진않고 면도기와 칫솔, 샤워볼은 없음. 수건이 넉넉함. 이불과 수건 다 깨끗하게 세탁되어있음. 마당한쪽에 음료와 간단한 조식을 먹을수있는 공간이 있음.

Reasonable rate for couple. Located near the stream in Hanokmaeul, so good for walking and enjoying food and sightseeing. Traditional Korean room with a bathroom. Very warm but dry. Not serving a razor, a toothbrush and a shower ball. Enough towels and clean blankets. Serving basic breakfast like bread and juice."
하늘기와,5,"지금또 가구싶네요.
여행에서 정말 중요한게 잠자리인데 편안했어요.
사장님배려는 으뜸.
저도 주부이지만..힘드실텐데..
조식엔 오쿠에 직접 구운달걀도
어디에나 구석구석 헨드메이들~
하늘기와앞 시냇가엔 시계꽃만발.냇가에 다슬기들
냇가따라 걸어가면 새벽시장 이어지고
하늘기와 넘 깔끔해서 나올때는 깔끔하게 정돈하고
나올 수 밖에 없었죠.
소개해주신 새벽시장 .
나들벌식당 돈쓴게 절대 아깝지 않았구요.
감사했읍니다^^.
곧
엄마와 동생들과 가서 묶을래요~"
뜨레가(TREGA MUSEUM HOUSE),3,"한옥마을에서 멀지않고
문 열고 들어오니 나름 이쁨. 하지만..
많이 좁고 곰팡이 냄새. 어메니티 딱히..
재방문 절대 안함."
뜨레가(TREGA MUSEUM HOUSE),5,볼거리가 아주많고 아기자기한 소품들로 가득이었어요 꽃과 나무도많고 친절하셔서 좋은추억이 되었습니다
뜨레가(TREGA MUSEUM HOUSE),5,"전주 방문은
처음이라  한옥마을
숙소에 대한  안좋은
기억이 있었는데
뜨레가 는  주인이
친절하고 내집같은
분위기여서  다시한번
찾고싶은 곳이랍니다^^♡♡"
뜨레가(TREGA MUSEUM HOUSE),5,힐링이었습니다. 친절함이 감동이었습니다. 감사합니다.
뜨레가(TREGA MUSEUM HOUSE),4,좋아요
마중헌,5,"주인분 친절하시고 합리적인 가격과 쾌적한 잠자리.

비오는 날이였지만 아이들과 따듯하게 하룻밤 잘 묵고 왔습니다. 급히 예약하고 바로 움직였지만 친절한 안내와 세심한 배려에 감사했습니다."
마중헌,5,"1.정원이 멋있다  2. 한옥집이 아름답고 방이 크다  3. 여름엔 시원하고 잠자리가 편안하다  4,  주인장이 친절하다  5.  이보다 더좋은것은 없다"
마중헌,5,"주변 다른 숙소에 비해 방이 크고 깔끔했습니다.
숙소부근 야경이 예뻤습니다."
마중헌,5,한옥이 정말 아름다웠습니다
마중헌,5,최고
숨게스트하우스,4,"한옥마을 끝자락이라 투어하기 좋구요. 주차는 주변에 할것이 많아요.
방은 한옥마을 숙박 검색해보시면 큰 기대 안하시는게 정신건강에 좋을거구요.
감성숙박으로 추천드립니다.
하천변이라 산챡하기 좋아요. 하천따라 가보면 전주남부시장에 가보실 수있어요.
숙소위치는 하천변 도로에서 골목안으로 쭈욱 들어오시면 되구요."
숨게스트하우스,4,"숙소 근처가 한적하고 바로 앞 천변에서 걷기 좋고 근처에 공용 자전거 대여소가 있다. 방음에 취약하다고 공지에 나와있는데 정말 약함. 말소리가 어렴풋이 들리고 문에 유리창이 있어 잠귀가 밝은 사람에겐 추천하지 않음. 비수기에 간다면 조용하게 지내기 좋을 것 같고 방에 잠금장치 있음. 현관 미니바에 냉장고, 전자레인지, 커피믹스. 화장실 깔끔"
숨게스트하우스,3,"3만5천원의 합리적인 가격 그 이상 그 이하도 아닌.
독립적인 화장실과 침대는 좋았으나. 방음 안됨. 화장실 비좁음. 별도의 휴게시설 없음. 조식 없음. 매우 좁음. 그래도 감성적인 요소가 곳곳에 녹아있어 그 부분은 높이 삼. 재방문 의사는 없음"
숨게스트하우스,4,난방 끝내주게 넣어 주시네요 ㅋㅋㅋ 기온 엄청 떨어진 날에 허리 지지면서 잘자고 갈게요!! 동일한 가격의 다른 저렴한 한옥게하보다 인테리어 깔끔하고 방도 좀 더 넓은거 같아요. 담에 또 올게요
숨게스트하우스,4,"아기자기 숙소가 앙증맞아요 ㅎㅎ 별 하나 뺀거는
밤에 숙소 들어가서 씻는데 화장실 전구 나가서 하나 뺐어요 ㅋㅋㅋㅋㅋ"
서고,5,"인테리어 최고!! 깨끗하고 예쁜 한옥집!
내부는 현대적으로 개조되었지만 곳곳에 한옥 포인트가 남아있어 한국의 미를 느낄수 있어요.
트리플룸 이용했는데 여자분들이 쓰기엔 좋으나 체격있는 남자분들이 쓰기엔 좀 좁은 느낌일듯.
유일한 단점은 변기와 샤워기가 너무 가깝다는것?? 그것외에는 모든면이 완벽합니다."
서고,5,진자너무예쁘고좋아요 재방문의사500%
행복가득 한옥 게스트 하우스,5,"가격도 만족이지만 적은규모지만 아늑함이있어서 아주 만족했음. 방마다 샤워가능한 화장실있음. 마루에 앉아서 시간보내도 힐링됨.
깨끗한편임. 한옥마을 살짝 외곽"
행복가득 한옥 게스트 하우스,5,"접근성 좋으면서 조용한 위치, 세세히 신경써주시는 친절한 사장님, 초강력 난방, 좋은가격
다만 방이 작으므로 인원+1명 생각하시면 좋을듯"
행복가득 한옥 게스트 하우스,5,"비가 왔는데 그냥주신 우산 돌려드려야 하는데 ...😢 감사히 잘 쓰겠습니다.
무언가 필요할때 진솔하게 대답해 주시고
한옥마을 여행하기 딱 좋은 곳."
행복가득 한옥 게스트 하우스,5,"혼자 잘거라 제일 작은방으로 예약했는데 평일이라 방이 남아서 그런지 조금 더 큰방으로 업그레이드해주셨어요!
덕분에 편하게 잘 쉬고있습니다.ㅎㅎ
사장님이 너무 친절하시고 방도 바닥이 따뜻하니 좋아요.
개별 화장실인점도 맘에 들고 하얀이불도 너무 깨끗하네요^^
담에 또 전주오면 행복가득에서 숙박하고싶어요!"
행복가득 한옥 게스트 하우스,5,코스모스로 예약했는데 2명이서 사용하기 좋았어요. 게하의 장점(다양한 사람)과 일반숙소 장점(개인공간.화장실)을 섞은 곳이였어요. 친절하셔요~~~
Gyodong-Salrae(교동살래),3,"다리건너편 도로에 주차해도 단속딱지 없고, 걸어서 하천을 건너며 주위 풍경 감상도 괜찮네요. 겨울이라 외관은 조금 별로고 방은 3평정도로 아늑하고 다락방이 있어서 한번쯤 가볼만하네요. 아침으로 간단히 토스트랑,  커피나 차한잔 서비스로 공용 거실에서 먹을 수 있어요."
Gyodong-Salrae(교동살래),4,"어릴때 외가에 온기분..
솔직히 시설대비 호텔보다 저렴한 느낌은 없으나 그냥 전주니깐...ㅋ

욕조도있고 침대도 있고
최신모텔같은 숙소
다용도공간인 마루도있으나
정말 방음은 제로@@

냉장고에는 생수2병
근데 종이컵이든 컵이 없네요 ㅠ

한옥숙박은 이게 처음이자
마지막일듯합니다."
Gyodong-Salrae(교동살래),5,전주가면 숙박하는 곳인데 여전히 이쁘고 좋습니다. 비대면 방식이라 편하구요 객실이 좀 작고 좁은 계단을 올라 2층에서 자야하는 방이었지만 분위기 있어서 좋았구요 창을 열면 정원이 보여서 넘 이뻤어요 . 공동거실에는 이쁜 그릇들이 많은데 골라서 사용할 수 있어서 간단하지만 맛난조식 먹었습니다. 주차장이 없어서 공용주차장에 차를 대는 불편함은 좀 있었지만 다행히 빈자리에 댈 수 있었구요.
Gyodong-Salrae(교동살래),5,"당일 예약 주말 팔만칠천냥에 예약했어요.
한옥이면서 침대있는 숙소를 찾다가 발견 !
급하게 예약한거 치고 넘나 만족스러웠어요.
방이 좁긴 했지만 침구류 수건 모두 청결하고 뽀송뽀송~~
겨울철 바닥도 뜨끈뜨끈~
분위기도 좋았어요.
매력적인 숙소예요.
엇 .. 근데 방음은.. 안돼요.... 옆방 쉬하는 소리도 들려여ㅎㅎ"
Gyodong-Salrae(교동살래),5,"전주한옥마을 남천교에 위치하고 있는 한옥민박이고 사장님 모친과 부친의 예술적 감각으로 잘 꾸며진 멋스런 민박입니다.
저는 봉선화룸에 묵었는데 침대방으로 깔끔하고 아기자기한게 아늑하고 좋아요~~
5월인데도 저녁에 서늘한데 보일러, 전기요 덕분에 따뜻하고 포근하게 참 잘~자고 왔네요~~
젊은 사장님도 친절하고 좋으시고 조식으로 먹을수 있는 토스트와 원두커피는 일품이며 집안과 담장에 핀 장미는 민박집을 더욱 멋지게 해줍니다~~"
한옥스테이 청연,5,"완벽한 숙소.
위치
청결
편리
편안
친절

모두 만점.
하나뺄게 없음.
가족끼리 전주가실땐 꼭 여기로 강추.
저희 가족은 전주 여행보다 숙소때문에 다시 가기로 했음.

감동이었던건
주방세제와 손세정제 브랜드가 Method 임.
작은곳 까지 챙기는 모습.
수건은 40수로 정말 부드러워서 아이들이 좋아함.

나머지 가전 및 침구는 당연하고 신경쓰지 못 할법 한곳까지
세심히 챙김.

보일러가 빵빵해 꼭 온돌마루 같음.
잠깐 틀었는데 하루종일 따뜻함.

제 돈다주고 아무댓가 없는 평가임."
한옥스테이 청연,5,
한옥스테이 청연,3,
한옥스테이 청연,5,
등용재,5,"좁긴 하지만 한옥의 운치와
뜨거운 온돌느낌
좋아요"
등용재,5,추석연휴에 2박했는데 침구도 숙소도 너무깨끗했어요 잘쉬다갑니다!
등용재,5,"등용재에서 하루를 묵었습니다.
조용하고 깔끔하고 주인분의 친절함에 다시오고픈 숙소로 추천 합니다."
등용재,4,골목 구석이라 찾기가 좀 힘들지만 청사초롱을 찾으면 찾기 쉽구요. 아담하고 조용합니다.
등용재,5,한옥이라 외풍이 있지만 방바닥은 따뜻하고 좋습니다
이택구사랑채,3,"시골집에서 많이자본분들께는 별다른 경험이 안될거라 생각함

하지만 처음가본 친구는 연신 이런곳에서 자보고싶었다고 좋아함..

나름 잘꾸며뒀고 시설도 깨끗했음  방마다 테마도 조금있는것같고

유일한 불만은

1호점에 묵었었는데

아침마다 방청소랑 정리하시는 남성분이 엄청 불만이가득찬 모습으로

신안염전노예와같은 표정을 한채 응대하시는데..

친구나 나나 매우 불편했음

주인아주머니는 매우친절하시고 필요한것 전부 도와주시고 약도도 보내주시고 하나하나 배려해주셔서 감사했는데

아침에 정리하는분 눈치보여서 입실날도 퇴실날도 살벌함에 후딱 뛰쳐나옴...

날 더워서 고생하시는건 알지만 조금은 위협적이지 않은 태도로 살갑게 대해주셨더라면 좋았겠다 싶음..."
이택구사랑채,1,"지리적 위치는 아주 좋습니다.
사장님도 친절하신 편이고 가격도 합리적 입니다

단점

한옥마을 중심부에 위치하기 때문에 시끄럽고 문열고 나오면 지나가던 사람들이 처다봄.프라이버시 보호안됨
우풍이 매우심함(한옥의 특성이라 이해함)
방음이 거의 안됨(옆방진상 아주매들 만나서 새벽3시까지 그들의 사생활을 들어야 했음.당연 잠도설침)

1호점이나 3호점 강추 2호점은 절대 아님"
이택구사랑채,4,"완전 좋아요~~ 넘 시원하고~~관광하기 딱좋은 위치에 있고..
먹거리등등~~옛날에 느껴봤던 대청마루~~
완전 좋습니다~~^^특히나 이쁜 우리딸이 더 좋아했어요~~"
이택구사랑채,3,방에서 냄새나고 이불이랑도 깨끗한 느낌은 없음.
이택구사랑채,4,"대로변(?)에 있어서 한옥마을 돌아다니다 숙소 들어가기 편하구요, 한옥치고 넓고 화장실도 2개이고, 다락형으로 잘 수 있는 공간도 2군데 있어요. 저희는 5명이 묵었는데 방에 이불 다 펴고 따뜻하게 잘 잤습니다. 아참, 1호점에서 조식도 먹을 수 있어요~ 토스트나 커피 등등.."
일락당,5,"따듯한 객실ㆍㆍ6인실은 복층구조였어요
정갈한 침구
그리고 미니 아침까지
행복한 기억을 만들어준 곳입니다."
일락당,3,"한옥이랑 겨울에는 춥네요
한복대여점을 함께운영해서 50%할인가격으로 대여하고 머리손질은 무료"
일락당,5,"엄마모시고 아이들과 함께온  전주여행~
2박동안 일락당 사랑채에 머물렀어요
방도넓고 깨끗하고   위치는 더더더 굿!
맘편히 들락날락 할수있고
쉬고싶을때  언제든 쉬다 나갈수있는  최상의 위치예요!
복층이라 방구분도 좀되고~~
토스트 조식도 커피도 맛나요!
특히 에스프레소가 ! 짱 입니다
다시 생각날 맛!"
일락당,4,"가성비는 너무 좋은데 수건6개밖에 없어서
넷이 씻는데 부족했어요.
청소하실때 문을 열고 하셔서 그런지
파리며 벌레가 많았어요.
아침으로 조식주시는 건 괜찮았어요."
일락당,3,방이 꽤 작았고 바닥에 이불 깔고 자는거라 허리 아픔. 그리고 자려고 누우면 옆 방 떠드는 소리 잘 들림. 방음이 거의 안되는 수준..
경기전별당채,5,조식은 아주 부드러운 떡과 과자 한국차를 주셨는데 아주 맛있습니다. 주인분과 메세지 연락도 잘되고 아주아주 만족스런 곳입니다
경기전별당채,5,제1공영주차장 하고 가깝고 친절하고 방도 넓고 좋습니다.
경기전별당채,5,한옥마을에서 2박 묵고갑니다. 경기전별당채는 호스트가 매우 친절하고 한옥치고 깔끔하고 좋아요. ^^ 한옥마을에서 묵으니 전동카나 주차비 등 할인이 됩니다. 숙박비도 5인가족 기준 적당한방 14만원정도고 아침 떡과 식혜도 한상 차려주시네요. 너무 좋았어요. 다음에 또 한옥마을 오게됨 묵고싶네요.
경기전별당채,5,"가족 6명이라 이성계 예약하려 했는데 예약할 수없어 세종대왕침실로 예약했어요.
10명까지 이용할 수 있는 곳으로 넓어 좋았어요.
온돌방은 하루의 피로를 풀어주었습니다.
야간 아쉬운점은 전용 화장실이 거실에 있어서
문을 2번 열어야 한다는 것입니다.^^
친절하신 주인장님 잘 쉬고 올라갑니다."
경기전별당채,4,"낮은 돌담벼락이 인상적이었고,
동학기념관, 100년 넘은 성당과 남문을 가까이에서 볼 수 있어 더 좋았어요"
일락당,5,"따듯한 객실ㆍㆍ6인실은 복층구조였어요
정갈한 침구
그리고 미니 아침까지
행복한 기억을 만들어준 곳입니다."
일락당,3,"한옥이랑 겨울에는 춥네요
한복대여점을 함께운영해서 50%할인가격으로 대여하고 머리손질은 무료"
일락당,5,"엄마모시고 아이들과 함께온  전주여행~
2박동안 일락당 사랑채에 머물렀어요
방도넓고 깨끗하고   위치는 더더더 굿!
맘편히 들락날락 할수있고
쉬고싶을때  언제든 쉬다 나갈수있는  최상의 위치예요!
복층이라 방구분도 좀되고~~
토스트 조식도 커피도 맛나요!
특히 에스프레소가 ! 짱 입니다
다시 생각날 맛!"
일락당,4,"가성비는 너무 좋은데 수건6개밖에 없어서
넷이 씻는데 부족했어요.
청소하실때 문을 열고 하셔서 그런지
파리며 벌레가 많았어요.
아침으로 조식주시는 건 괜찮았어요."
일락당,3,방이 꽤 작았고 바닥에 이불 깔고 자는거라 허리 아픔. 그리고 자려고 누우면 옆 방 떠드는 소리 잘 들림. 방음이 거의 안되는 수준..
아름다운집 한옥게스트하우스,4,"그냥 하룻밤자기 가격대비 좋음 방은 성인 두명 딱 누워 자기정도 크기 화장실있고 청결한편이었고 아침 샌드위치 음료조식도 주네요 한옥마을 구경하고 한옥느끼기엔 괜찮음 사장님 친절하고 싼방찾으면 딱이야!~~~
근대 작긴작다 방이...주변에 먹거리고 많아서 도조로 다니기 좋으 주차는 공영주차장 이용 할인받아서 6천원"
아름다운집 한옥게스트하우스,4,한옥마을에 위치하고 있어 접근성이 좋고 사장님이 친절 하며 아침 조식으로 나오는 샌드위치가 정성이들어간듯 맛있습니다  단점은  방음이좀 안되서 옆방사람을  잘만나야 합니다
아름다운집 한옥게스트하우스,4,"사장님이 너무 친절하셔서 감사히 지내다 갑니다.
방은 생각보다 많이 작아서 놀랐어요!
새벽에는 추워서 오들오들 떨고 잤습니다 ㅋㅋ
아침에 챙겨주신 샌드위치 커피 덕에 기분 좋게 시작합니다~"
아름다운집 한옥게스트하우스,5,편하게 쉴 수 있어 좋았어요. 옆방 소리가 조금 들려요.
아름다운집 한옥게스트하우스,4,"주인장께서 너무 친절하셔서 좋았어요!!
밤 늦은 시간에도 언제든지 필요한거 챙겨주시더라구요!
작은방을 선택해서 그런지는 몰라도, 온돌방에 티비 하나, 화장실 하나로 된 작은 방을 받았어요 ㅎ
하지만 깨끗하고 위치도 좋았습니다^^!
주차도 근처 공영주차장이 있어서 이용했습니다!"
달가온,4,친절하고 깨끗한 게스트하우스
별자리,5,전주한옥마을 안에 위치해 있는 한옥입니다. 방 따뜻하고 조식이 아주 좋았습니다.
별자리,2,"SKT사용자는 와이파이 사용 불가요. 포기할것.
요,덮개,이불 구분이 없음.
인터넷 상 평일기준 6만원 떴있다면 2인 기준인거 확인하셈.
2~6인 가능이라고 되있음.
통상4인 이상 추가요금 받는데 여긴 2인 기준임.
설명에도 없고 현장에서 통보함. 😒"
별자리,5,아주 편안함 온돌방 뜨끈뜨끈
별자리,4,"여행지의 좋은 기억은 숙소에 의해 결정된다는걸 느꼈습니다
주변에 낡고 곰팡내 푹푹나는 애매한 숙소들 많습니다
깨끗하고 관리 잘되어있는 숙소
강추합니다"
별자리,5,"주인장 언니  정말 친절하세요.
가격도 착해요.
공용주차장 할인도 해주십니다"
꽃자리 한옥 펜션,5,달실에서 하룻밤울 보냈어요. 가을비가 내려서 마루에서 한 참을 멍하니 앉아 있었네요. 잊을 수 없는 또 하나의 경험을 했어요. 아침 조식도 참 좋았어요. 감사 또 감사!
꽃자리 한옥 펜션,5,"이쁜 정원과 깨끗한 방이라 좋아요.
주인내외분 친절하시고 조식이 넘넘 맛있어요.
7세 아들램이도 맛나다고 잘먹었어요.
덕분에 좋은 추억 남기고 가요.  다음에 또 오고싶어요"
꽃자리 한옥 펜션,5,"편안한 고향의 집을 느낄 수 있는 곳 입니다
새벽에 일어나서 한바퀴 돌아보세요
전주의  명소,  전동성당과 경기전(전주이씨 가문의 사당 이성계를 비롯한 임금들의  御眞 있는 곳) 그리고 남문시장의 새벽 풍경과
풍남문을 볼수 있다"
꽃자리 한옥 펜션,5,갑자기 머무르게 된 숙소인데 가격도 괜찮고 방도 너무 깨끗하게 돼있어서 잘 쉬다 갑니다! 사장님도 너무 착하시고 아침에 조식도 서비스로 주셔서 너무 좋았어요! 화장실도 깨끗하게 잘 돼있어서 씻기 편했습니다. 인터넷도 잘 터져요. 전기장판도 있어서 겨울에 와도 따뜻하게 잘 수 있을 거 같네요! 이 숙소 완전 강추👍
꽃자리 한옥 펜션,5,"위치가 찾기가 힘든게, 주변 간판들은 다 삐까번쩍한데 혼자 나무 판자에 꽃자리 한옥이라고 덜렁 써있어서 눈에 잘띄지 않는다
대신 방은 가격 대비 다른 한옥 숙박보다 넓다(사실 큰편이라 보긴 어렵고, 기본적으로 한옥 숙박들이 다들 비좁은데 그에 비해 살짝 넓은 편)
방음도 괜찮게 되는 듯
풍남문도 멀지않고, 객사도 걸어갈만하다. 위치는 매우 좋은편"
더머뭄,5,"친구랑 1박2일 전주여행왔다가 잘놀고 쉬다 갑니다~ 주인 아주머니, 아저씨도 넘 친절하시고 좋아요ㅎㅎ 방은 복층으로 나눠져있어서 편하고 아이들이 좋아할 것 같아여!! 아침에 조식으로 과일, 떡, 커피를 가져다주세요:) 맛있게 잘먹었습니다! 위치도 한옥마을 중앙에 있어서 돌아다니기 편했어요~ 근처에 편의점도 있고 먹을데 많아요!!! 더 머뭄에 숙박하는 사람들에게는 한복대여가 1인 만원이고 머리장식, 가방, 목도리 등을 무료로 해주세용 리뷰에 사진을 첨부하지 못하는게 넘 아쉬워요~ 한복집 사장언니가 패션과를 전공하셔서 그런지 한복도 이쁘게 골라주시더라구요!!! 정말 추천해드려요~ 감사합니당😊

I came to Jeonju with a friend on a trip for 1 night and 2 days. The owner was very friendly and good. The room was divided into two floors, so I think children will like it!! They brought fruit, rice cakes, and coffee for breakfast in the morning :) It was delicious!@  The location is also in the center of the Hanok Village, so it was easy to walk around~ There are also convenience stores nearby and there are plenty to eat!!!  For those staying in the Mum, Hanbok rental is only KRW per person, and hair ornaments, bags, and shawls are provided free of charge. It is very regrettable that I cannot attach photos to the reviews.  I really recommend it~ Thank you😊"
더머뭄,5,"온돌이라 방바닥이 뜨끈하니 등짝도 따땃하고 잠 잘 옵니다. 한옥이라 방음은 전혀 안됩니다.
(10시 이후에는 조용히)
주인 아주머니가 아주 친절하시고 무료로 제공하는 아침 과일과 떡도 맛있어요.
또 방문 의사 있습니다."
더머뭄,4,"길가가 아니고 안쪽에 방이 있어서 아늑한 느낌이다.  정원엔 고양이가 4마리 있던데 한가로이 햇볕을 즐기며 졸고있었다. 아침엔 툇마루에 고양이가 올라있어 방문을 열면 걸리기도 한다. 얌전하다.  소음 크게 없이 조용이 따뜻하게 잘 잤다.  사실은 좀 더웠다. ㅎ..
옛 한옥이지만 이중문으로 해놔서 바깥바람을 잘 차단해줘서, 필요한대로 안쪽 유리문만  열어놓으면 문풍지로 살짝 통풍이 되어 좋다.
아침엔 떡과 과일로 정말 잘 먹었다. 커피는 덤!
퇴소할때는 주인장 부부께서 직접 문앞까지 배웅도 해 주시는 센스까지..
주차는 제1주차장을 이용했는데..  주인장께  6천원으로 할인된 표를 구입해서 잘 사용했습니다.
다음에 또 갈랍니다."
더머뭄,5,"한국의 전통 하우스 한옥.
말만 들어도 정감나는곳에서 주인들의 친절함이 묻어나고..숙박하는 사람들도
모두 주인의 요청을 잘 따르고 해서 밤이 고요하다.볼거리가 많은 전주의 한옥마을에서 아침에 차한잔과 정성 담뿍담긴 과일과 떡이 떠나는 이의 마음을 따뜻하게 한다"
더머뭄,4,"따뜻하고 조식은 커피,떡, 과일 맛나요  친절하시고  아늑하네요"
돼지꿈게스트하우스,4,"가족여행으로 1박.
검색조건을 성인3명으로 해서 선택했는데 생각보다 너무 좁았음. 3명 이불을 깔면 여유공간이 없어 트렁크를 접어 화장실에 둬야했음.
그건 빼고는 사장님의 친절함과 잘 관리된 침구와 수건은 기분좋게 했음.
다음날 아침 등산을 위해 일찍 움직여야 했는데 조식준비중에 따로 따듯한 군계란과 떡을 챙겨주셔서 산에 올라 간식으로 잘 먹었음.
공용주차장에서 거리도 나쁘지 않았으며 대체로 만족함"
돼지꿈게스트하우스,5,"사장님 너무 친절하시고 조식도 정성스레 준비해주셔서 좋았어요
위치가 한옥마을 중간이라 편했구요~
꽃필때 다시 올께요^^"
돼지꿈게스트하우스,5,"전주의 분위기를 좋아해서 자주가는데  딱하나 바닥에서 자는게 영 불편하더라구요. 그래서 맴먹고 이번엔 이것저것 따져서 예약하구 갔는데 역시 입실 부터 다음 날 조식까지 너무 친절하고 숙소도 깨끗해서 이  코로나시국에  정말 편안하고 안전하게 다녀왔어요. 담에도 전주에가면 묵은 방에서 꼭다시 재투숙할꺼임♡

있는동안 이것저것 물어보구 부탁드린다구 아주머니 귀찬으셨을 텐데 여행내내 웃는얼굴로 가족처럼 마음써주셔서 감사했습니다!!! 담에 이테리 꽃필때 함가께요!!!♡♡♡"
돼지꿈게스트하우스,5,사장님이 너무 친절하시고 숙소 위치도 한옥마을 중심에 있고 공영주차장과도 가까워 다니기에도 매우 편합니다~ 다음에 둘째 낳으면 또 올께요~!
돼지꿈게스트하우스,5,"침구 깨끗하고, 시설도 좋습니다. 저희는 2층 투룸 예약했는데, 방에서 나와서 보는 2층 뷰도 좋습니다. 아침도 주시는데 빵과 커피, 과일등 간단히 먹기 좋았습니다."
너의 고요 펜션,3,
전주 큰주댕이 게스트하우스,5,이 곳은 놀랍습니다. 주인은 매우 친절하고 사랑을 환영합니다. 나는 여기에 머물거나 수공예품 상점에 갈 것을 추천합니다. 아주 좋아요 :)
전주 한옥마을 돌담집,3,한옥마을 내에 위치한 한옥 숙소 1박할만합니다. 주차장이멀어(약 0.4km) 좀 걸어야 한다는게
전주 한옥마을 돌담집,5,"잘 쉬고 갑니다.
이제 모기의 계절이 올 텐데 대비 잘 하세요~"
전주 한옥마을 돌담집,5,관리인이 친절하고 정원이 이쁘고 방도 깔끔해요. 복층은 무서워요.
전주 한옥마을 돌담집,4,"주인장도 친절하고 숙소도 깨끗하고 좋은데
우풍이 너무 셉니다"
전주 한옥마을 돌담집,5,아담하고 예쁜곳이네요~~주인부부가 친절하세요^^
이재,5,"침구 정말 깨끗하고 주인분께서 정말 정말 친절하십니다ㅠㅠ 냉장고에 과일이랑 찬 물, 빵, 수제잼 준비해주시는데 감동ㅜㅜ 화장실도 깨끗하고 방에서 창문으로 보는 뷰랑, 처마?마루?에서 보는 뷰가 아기자기 예뻐요ㅜㅜ 완전 소확행😍 다시 전주 방문하게 되면 꼭 이재 예약 할거예요~~~"
이재,5,"1. 골목 안쪽에 작은 간판입니다.
2. 그냥 눈으로 찾기는 어렵습니다.
3. 조용하고 편합니다.
4. 토스트.잼. 쿠키. 과일. 주스. 원두커피 무료 제공됩니다.^^;
5. 유자잼..커피 맛있습니다."
이재,5,"전주한옥마을 안에 위치한 이재는 어디나 가기 쉬운 위치에 있으며 안쪽 골목이라 참 조용합니다.외관은 다른 한옥처럼 생기지 않았으나 식물들이 싱그럽게 예쁘게 꾸며져 있었어요. 솜씨와 맵시가 좋으신 분이 관리하셔서 이불도 너무 편하고 뽀송했습니다. 수건도 어찌나 뽀득 거리면서도 기분좋게 하는지 면을 다루는 솜씨가 대단하다고 생각했어요. 아침은 냉장고에 식빵과 과일,쨈,쥬스등을 준비해놓으셔서 자유롭게 만들어 먹으면 되고 커피도 아주 맛이 좋았습니다. 한옥에서 많이 자봤는데 소음이 심하거나 얇은요를 사용해서 잠이 자주 깨는데 참 편하게 잘잤습니다."
이재,5,"사장님이 너무 친절하시고 냉장고에 먹을 것들(토스트, 과일, 쥬스 등)을 자유롭게 먹을 수 있게 해주셔서 감사했어요. 빳빳하게 건조된 침구류도 참 좋았어요. 날도 좋아서 다음 기회가 되면 다시 찾고 싶은 곳이에요. 한옥마을에 한식체험 장소 많은데 이재 추천합니다."
이재,5,햇볕에 말려서 바스락 거리는  하얀  이부자리가  너무 너무 깨끗하고 정갈 합니다.  최고의잠자리.  또하나의  묘미 는 실내 인테리어. 잘 관리된   최고의 한옥부띠크.
나들방,5,위치도 좋고 방도 깔끔합니다.
나들방,3,
나들방,5,방이 2개뿐이니 다른 사람에게 방해가 될 염려는 하지 마세요. 방은 따뜻하고 깨끗하고 편안했습니다. 바닥이 약간 딱딱하긴 했지만 여기 머물기에 행복했습니다. 할머니는 매우 친절하시고 우리가 공항으로 가는 길을 찾는 것을 매우 열정적으로 도와주셨습니다. 그 옆에는 할머니가 운영하는 식당이 있으니 놓치지 마세요. 정말 맛있습니다!
나들방,2,"Nadeulbang Hanok stay에서의 우리 경험은 최고의 tbh가 아니 었습니다. 체크인 프로세스에 대한 연락을 받지 못했기 때문에 에미레이트 Skywards 보상 프로그램을 통한 예약의 영향을 받았을 수 있습니다. 그래서 우리가 도착했을 때 주위에 아무도 없었고 옆집 식당은 문을 닫았습니다. 체크인 방법이나 방에 들어가는 방법을 몰랐습니다. 운 좋게도 우리를 위해 주인에게 전화를 건 길 건너편에 있는 몇몇 사람들이 있었지만 그들이 도착하기 전에 여전히 1시간을 기다려야 했습니다. 우리를 방으로 안내한 아주머니는 영어를 한마디도 하지 않아 의사소통이 조금 어려웠고 열쇠 외에는 더 이상의 정보를 얻지 못했습니다.
짐을 내려놓고 방을 둘러본 후 방에 제공된 수건이 없다는 것을 알았습니다(다행히 밖에 있는 세탁기가 막 끝났고 수건이 가득 차서 거기서 몇 개를 가져왔습니다). 제공된 이불에 놀랐습니다. 너무 얇아서 이불이라기엔 좀 애매하고 이불이라고 할 수 있을 것 같아요. 이것은 우리의 수면을 꽤 불편하게 만들었고 실제로 우리 등을 다쳤습니다.
이 장소에 대한 유일한 긍정적인 점은 위치였습니다. 전주 한옥마을 한가운데에 있으며 이 도시에서 해야 할 모든 것이 말 그대로 도보 거리에 있습니다. 외부에서 본 건물 자체도 정말 예쁜데 내부는 이게 잘 안 보여요. 그것은 또한 꽤 저렴했습니다.
전반적으로 우리는 이곳에 머무르는 것을 권장하지 않으며 이 지역에서 다른 한옥 숙박을 찾는 것을 추천하지 않습니다. 말 그대로 더 나은 곳을 찾을 수 있을 것입니다."
나들방,5,"머물기에 좋은 경험!

네들블랑도 가깝고 주인이 같은 곳에서 저녁식사를 하면 보너스를 받을 수 있습니다."
청나루,4,"4월에 다녀왔어요. 네이버에서 예약해 9만원 준 것 같아요. 방은 저희 세식구 아담하니 좋았고요. 화장실아 많이 아쉬웠어요. 너무 작아서 샤워가 힘들었어요. 변기랑 세면대가 다거든요. 샤워기가  세면대랑 연결되어 있고 공간이 따로 없어요. 저흰 당일 예약이라 선택의 폭이 없기는 했어요.
또 길 찾기도 너무 힘들어요. 주차장에서 슈퍼쪽으로 나오시면 슈퍼 바로 옆 건물이에요. 여기까진 단점이고요. 이 모든걸 상쇄하고도 남을 정도로 친절하셨고 분위기가 아주 좋았어요. 호텔이랑 리조트만 다닌 저희 딸은 무척 신기해했고요. 이불도 대게 분위기 있었어요."
청나루,3,위치는 주차장에서 가깝지만 방음이 잘안되고 입구 문열기가 빡심
청나루,4,
이택구 사랑채 3호점,5,좋은 한옥이네요. 잘 묵고 갑니다.
연우당,5,"한옥이라 우풍은 좀 있었지만 방바닥은 뜨끈뜨끈했어요.
골목안에 있어 조용하고, 작은 정원이지만 아기자기했고, 방음이 안될텐데도 다들 조용하셔서 방이 다 찼는줄도 몰랐네요.
아침 간단하게 주셔서 편했고, 잘 놀다왔습니다~"
연우당,5,"아기자기 예쁜 한옥이에요. 주차장도 가깝고 한옥마을 식당 많이 모여있는 곳도 가까워서 좋아요. 사장님도 친절하시고, 바닥도 뜨끈뜨끈하고, 아침 과일 조식도 좋았어요~"
연우당,2,한옥숙박은 처음 해봐서 엄청 기대를 하고 갔는데.. 시설은 뭐 생각보다 나쁘진 않았는데.. 일반 숙박에 비해 방음도 잘 안되고 주인분이 상주하고 계시지않아 너무 방치(?)된 느낌이랄까.. 옆방에 온 커플들이 저희 아이들 너무 시끄럽다고 몇번이나 뭐라하셔서 가족들이 가기에는 부적합하다고 봐요..ㅠㅠ 조용히 쉬러 오신분들이 가야하나 싶기도 하구요..
연우당,3,"방은 작지만 아늑했구요. 방바닥이 너무나도 뜨거워서, 어린시절 시골의 할머니 집을 떠올리게 했습니다. 다만 식사제공이란 말은 좀 무색하게 식빵 잼 토스트 정도가 너저분하게 있더군요. 아침 식사제고이라는 문구가 없었다면 오히려 괜찮을뻔 했습니다."
연우당,3,"외관은 이쁘고 좋은데, 이불등이 좋지않았고 화장실이 너무 좁네요~ 방 구조는 좋음"
별빛궁 한옥스테이,5,"호스트님이 친절합니다. 조식 토스트, 과일도 정성가득 제공하고요. 룸 컨디션 깨끗하고 좋아요."
별빛궁 한옥스테이,5,"깨끗한 침구와 화장실, 친절하신 사장님. 과일, 토스트, 음료수, 커피 모두 무료로 비치해 놓으셔서 2박 3일동안 너무 편안했습니다.가을에 또 방문의사 있습니다.
강추합니다."
별빛궁 한옥스테이,5,"게스트하우스는 깔끔하고 깨끗해요
사장님이 미인에다 친절해서 강력추천해요"
별빛궁 한옥스테이,4,객실이 깨끗하고 소풍온 느낌이에요
별빛궁 한옥스테이,5,친절.서비스.깔끔. 더이상 말이 필요없슴
소리풍경,5,방 너무 깨끗했고 사장님 친절 하시고 간단히 나오는 조식 흑임자죽  정말 맛있었어요
소리풍경,5,방은 약간 작지만 아늑하고 아침에 주는 흑임자죽이 좋아요
소리풍경,5,"사장님 친절하시고
깨끗하고 조식 맛있어요!!"
소리풍경,5,"조식으로 주시는 흑임자죽 진짜 맛있었어요!
사장님이 사진 진짜 잘 찍으십니닼ㅋㅋㅋ 믿고 촬영 부탁드려보세요
퇴실이 10시라서 체감상 되게 빡셉니다. 감안 하셔야..."
소리풍경,5,한옥 숙소입니다. 깨끗하고 관리가 잘 되어 있고 이용금액도 착해요.
청사초롱태조로점,4,깔끔!
청사초롱태조로점,3,
강령전 한옥,1,"사람 누우면 빈틈없이 꽉차요.
엄청 비좁고 TV 한대에 소형 냉장고 한대가 시설의 전부 입니다. 현재 가격에 1/3이면 적당한 여인숙 수준이라 대실망 했습니다. 아침에 주변 한옥마을 내 숙소들 돌이보니 수준이 다 고만고만하더군요 절대 한옥마을내 한옥숙소 잡지 말고 모텔잡는게 만족도 50배 가성비 100배 더 나은선택입니다. 다시갈 생각 전혀 없는 숙소 입니다."
강령전 한옥,3,"싱글룸, 더블룸 하루씩 머물렀는데 청결은 그냥 그렇고, 사장님은 친절하셨어요. 그리도 숙소 주변 관광할 곳이 있어서 편했습니다. 평일에 이용했는데 사람도 별로 없고 좋았어요 ㅎㅎ"
강령전 한옥,1,"가격대비 완전비추
한옥마을내 경기전에서 도보 5분거리안에 위치해서 선택했으며 한옥스테이라서 진짜한옥스탈을 기대했지만 무늬만 한옥이었음. 어릴때 한옥에 살아서 한옥은 모르는편이 아닌데 그냥 나무에 왁스 니스칠 해져있어서 한옥의 냄새가 없었음. 2박투숙하는동안 주인장은 딱두번 체크인전 짐맡길때 체크인할때 밖에 보지 못했으며 당연히 1박후 외출시 청소를 부탁했어야했는데 그러지 못해 두번째날은 더욱 불쾌했음.  또한 아고다에서 이미 결제상세 내역에 부가세가 포함되어 있으나 카드결제시 부가세가 추가적으로 부과된다고 하여 현금 결제를 유도함 이는 엄연한 탈세목적의 불법으로 국세청 신고 예정임.  온돌을 경험하고 싶으신 여행객이라면 우아동쪽 일반 모텔이나 호텔을 추천함 그곳이랑 똑같음 가격도 더 저렴하며 우아동쪽에 콩나물 국밥 추어탕 생선구이 고깃집 오리고기집등 맛집이 많음."
강령전 한옥,4,"방이 작아요 복층은 층고가 낮고 불편합니다
방은 엄청 따뜻합니다 한옥 딱 거기까지
사장님 엄청친절요"
강령전 한옥,4,최명희박물관 근처 위치좋았습니다.방은 아담한데 난방이 굉장히 잘되서 좋았습니다. 다만 벽쪽으로 찬 기운이 드는게 약간 웃풍이 있네요.그게 조금 아쉬웠습니다.
흥부가 한옥,5,"미국친구가 사장님 부부 친절....
이부자리 깨끗...
소개받고 왔는데....
대 만족 합니다."
흥부가 한옥,5,"후기는 별로 없지만 삼일절 연휴에 숙박료가 싸길래 예약했는데(1인당 21000원) 사장님도 짱 친절하시고 방도 뜨끈뜨끈(오히려 더워서 온도를 낮췄어요). 따뜻한물 콸콸 나오고 비데도 있습니다. 아고다에서 예약해서 조식은 없었어요. 어차피 아침에 조점례 피순대 먹으러감. 체크인할때 사장님이 지도 펼쳐놓고 맛집과 갈만한곳 알려주십니다. 특히 막걸리집에 대해 길게 얘기하심ㅋㅋ
방 사이즈도 너무 작지않고 세명이 묵었는데 딱 좋았어요. 한옥도 아기자기. 한옥마을 핫플에 위치해서 위치가 대박입니다!! 놀다가 중간에 배터리 충전할겸 1시간 쉬다 나왔어요.
단, 한옥이라 방음 안되는건 어쩔수 없어요~~ 옆집 코고는소리 다 들림ㅋ"
흥부가 한옥,4,신설이라 그런지 나름깨끗하고 깔끔했어요. 방음잘 안된다던데 신경쓰면서 서로 주의해서 행동하면 방음때문에 시끄럽거나 그렇진 않아요. 어느정도 감안하면 괜찮아요.
흥부가 한옥,5,사장님 친절
흥부가 한옥,4,좋았습니다
태조마루 (Taejo Maru),5,한옥마을 안에 있고 남문시장 전동성당 경기전이 5분 이내 거리에 있어서 좋았다.
태조마루 (Taejo Maru),3,"처음 이용한 한옥이긴 했지만 너무 사전 정보없이 급히 구했나봅니다. 방에서 틈새로 개미들도 나오고 욕실도 불편했고 주차 공간도 협소했네요.  젊은 남자 사장님은 친절하셨으나 마당도 사진보다 작고 기본적으로 불편한 숙소였네요. 아쉬운 중에 경기전과 정동성당, 한옥마을은 도보 5분 내에 있어 거리는 최고예요."
태조마루 (Taejo Maru),5,"숙박업소가 친절합니다. 주차가 다소 불편할 수 있지만 주차이후 차를 빼지 않는다고 치면 괜찮습니다.
깔끔하고 한옥집에서 잔다는 점이 좋습니다. 그리고 위치도 한옥마을에 위치하고 있어서 좋습니다.
하지만 단점으로는 아무래도 한옥이다보니 옆 방의 소리나 밖의 소리가 잘들린다는 점이 있습니다."
태조마루 (Taejo Maru),4,아주 오래되고 예쁜한옥이고 정원도 너무 예쁘고좋았어요 이불이 너무얇아서 잘때 몸이아펐어요 한국인은좋아도 외국인에겐 좀불편했네요
태조마루 (Taejo Maru),3,"한옥마을 바로앞이라서 놀기에 위치는 좋아요
마당은 예쁘지만 방이 욕실합쳐서 3평 남짓해서 좁긴 하더라구요 깨끗한편이지만 욕실타일이나 샴푸용기 등은 청결하지 않았습니다 입실할땐 친절했으나 퇴실할땐 차도 빼주지 않고 얼굴도 내비치지 않더라구요 전반적으로 soso였습니다"
소락,2,"생각보다 한옥마을이랑 거리가 있어요.(최소10분이상)
옆방 콘센트 꽂는 소리, 유튭 보는 소리가 들려서 잠을 못잤네요. 웰컴푸드나 아침 다과 주신다고 들었는데 그런건 없었어요.
생각보다 방 안은 한옥 느낌이 안나요."
소락,4,"쿠팡에 올라온 사진에 비해 아담하지 않고 방도 작지만 청결하게 관리하였음
집주인 친절함
남부시장 야시장이 옆에 있어서 접근성 좋음
한옥마을까지 도보로 십분거리
가성비 좋음"
소락,5,"한옥마을이랑 걸어서 15분, 남문시장 5분거리라서 좋았습니다"
소락,1,"주차불가,샤워타월미비치,커피유효기간경과,정원거미줄에얼굴붙음,욕실좁고벌레5마리출현,방에무드라이트로화장불가"
소락,5,
한옥호텔 궁 Hanok Hotel Kung,5,"깨끗하고 친절하십니다
온수도 온도 고르고 방도 냄새없이 좋아요
한옥마을 10분정도 시장 구경 하시면서  걸으면되네요
주차장이 골목안이라서 지나칠뻔했네요  만족합니다"
한옥호텔 궁 Hanok Hotel Kung,5,호텔은 아니고 모텔..주차장 입구가 좀 불편하지만 주차장은 넓어요. 한옥마을도 근처 남부시장? 도 가깝고 개천에서 열리는 새벽 노상시장 보기도 가깝고...위치 좋아요. 시설은 깨끗합니다.
한옥호텔 궁 Hanok Hotel Kung,4,"시설은 모텔인데 가격이 넘 비싸요ㅠㅠ
그래도 친절하시고 바닥도 뜨끈하고 좋았어요"
한옥호텔 궁 Hanok Hotel Kung,3,"이름이ㅡ멋져서 예약했는데 일반 모텔과 다르지.않네요. 특히나 일요일저녁 숙박이라 일반객실 요금에 준특실로 업그레이드 해줬다고 했는데 업그레이드된 객실이 그냥 일반 모텔방과 다르지 않아요. 만일 객실 업그레이 아니었으면 어떤방이었을지.상상도 안가요
일하시는.여성분은 친절하시네요. 모텔 입구는 주치가.안되고 뒤로 돌아가야 주차 가능해요. 그리고 최악은 수압이었어요. 물 찔찔.. 또 객실 전등이 간접 조명화되서 어두워요. 참고하세요~"
한옥호텔 궁 Hanok Hotel Kung,2,"22년 2월 기준,  새벽까지는 난방을 해주시더니 아침부터는 보일러를 끄셨는지 추웠어요.(창문에서 바람이 들어와서)
위치와 가격,친절도는 좋은데 룸/화장실 컨디션은 안 좋아요. 잘 때는 이불을 안 시트/메트리스에 사진처럼 곰팡이인지 뭔지 더러워서 시트를 받았는데 ㅜ 매트리스는 여전히 더러워 찝찝했어요. 청결에만 신경쓰신다면 좋을 듯 해요."
풍류헌,5,"한옥마을 근처에 위치하고 있는 숙소인데, 130년된 한옥이라고 하네요.
사장님이 맛집을 많이 알고 계십니다.
주방에 빵, 커피등 간단한 먹거리도 주시고
그릇, 집기등이 너무 깨끗해요
숙소 너무 깨끗하고 마당이 넓어 아이랑 오면 좋을것 같아요.
방2개가 붙어있는데, 나중에 가족들 다 데리고 올려구요 너무 좋아요.강추강추"
풍류헌,4,객실에 tv좀 있었으면
풍류헌,4,한번쯤 방문해도 좋을듯 합니다.
풍류헌,3,모르는곳임니다
풍류헌,4,
서로,4,객실이 좀 많이 좁습니다. 다만 보일러?가 잘 돌아가서 따뜻한 방과 뜨거운 물로 휴식을 취할 수 있어요. 위치의 경우 한옥마을이라 어쩔수 없지만 찾기 좀 힘들었습니다.
서로,3,"분위기는 넘 좋아요.
편의시설은 좋지 않아요. 모든 동선이 외부로 움직여야해서
좀 불편한데, 한옥의 특징이라서 어쩔수 없네요.
정취를 느끼로 오기는 좋아요.
정경이 너무 아늑합니다.
객실간 방음은 않되요.
오늘 비가와서 날씨가 뚝 떨어져서 더 춥게느낀것같네요.
2층으로 올르고 내려오기가 위험해요.
천천 슬로우 한옥느낌인가요.

근처식당들이 가격대비 서비스 음식맛 들이 넘 상업적이라
맛있게 식사할곳은 택시로 움직여서 식사하세요."
서로,5,"사장님이 넘 친절하시고 부지런하세요. 방이 좀 작긴한데, 다락까지 있어서 잘만했어요. 마당도 예쁘게 잘 꾸며놓으시고 잔잔한 음악까지 나와서 분위기 짱이였어요^^ 조식도 호텔급으로 예쁘게 차려주셔서 넘 좋았어요~ 전주가면 또 갈래요~"
서로,4,"전통한옥집 좋구  화장실깨끗해요
조식두 맛있구 정원도 잘가꾸어져있네요
한옥마을 안에 있어 관광하기좋은  집"
서로,4,"내일로 여행 중 묵었습니다. 저희가 갔을 땐 손님이 없는지 인기척이 안 들려 조금 무서웠는데요. 예약한 방보다 좀 더 좋은 방 주셔서 좋았으나, 조식 등 숙박에 대한 안내가 없던 게 아쉬웠어요. 실제로 보면 친절하신데, 소통이 좀 어려웠어요. 조금 더 신경 써주심 좋을 듯해요. 방 따뜻하고, 깨끗한 편이라 편히 잘 묵었습니다. 또 갈 의향은 있어요-"
GaEunChae2,3,"실내는 다른집과 별다를것이 없는데 한옥집인데도 불구하고 화장실이 잘 되어 있어서 매우 만족스러웠습니다.
부모님 모시고 다니면 화장실 고민되거든요."
GaEunChae2,4,"성인 2명과 중2, 초5 4인 가족이 묵었지만, 2층이 있어서 편했습니다. 화장실 깨끗하고, 방도 깨끗했어요. 보일러도 잘 작동해 2월 이었지만 따듯하게 잘 수 있었어요... 가족 여행에 가성비 좋은 것 같아요."
GaEunChae2,1,"게스트하우스를 여러곳 다녀봤는데 이런곳은 첨이네요
게스트하우스 조식이라는게 뻔하기도 하지만 그래도  종이컵 하나 커피(믹스)하나 없는곳은 첨이네요"
GaEunChae2,2,"한옥마을안에 있는건 좋네요... 주차장 멀고, 방 쫍고, 화장실 좁고, 문소리 크게나고, 마당 좁고,  사진과는 다른느낌의 실물만 빼면 좋네요..."
GaEunChae2,4,방이 깔끔하고 툇마루도 있어서 좋네요
어사화,5,"사장님 감사합니다.
청결하고 따뜻하고 하루 편하게 쉬고 갑니다. 봄향기 가득한 정원의 꽃향기 아침 커피향 맛있게 구워지는 빵향기까지 제대로 향과 멋과 맛에 취했다갑니다.

추억 하나에 획 추가합니다. 담에 또 갈게요."
어사화,5,아름다운 깨끗한 한옥. 좋은 위치.
홍란미덕,5,"사장님 정말 친절하십니다.
3인이었는데 방 크기도 큼직해서 좋았고,
뜨끈한 온돌, 뜨거운 온수,
베개,침구가 냄새도 없고 깨끗해서 잠을 너무 잘 잤습니다.
위치도 오목대 바로 앞이라 다니기 좋습니다."
홍란미덕,4,전주들러면 숙소는 한옥을 정하는데 갈때 마다 아늑하고 정감이 있어 만족스런 곳입니다
홍란미덕,5,"한옥마을 안에서 저렴하게 이용 가능. 주인께서 매우 친절하심. 맛집, 가볼 곳 직접 설명. 공영주차장 6000원(50%) 할인."
홍란미덕,5,"한옥의 편안함을 느끼고갑니다
너무 친철하시고 편안하게 잘 쉬다 갑니다"
홍란미덕,4,"한옥이라 어쩔 수 없지만 방음은 진짜 안됩니다.
하지만 아주 뜨끈한 방바닥과 친절한 사장님 때문에 좋았어요-"
모헌 오손도손,5,"모헌은 한옥마을 중심에 위치하고 있어 접근 편의성이 매우 좋습니다. 한옥 특성 상 방은 조금 작지만, 마루에 누우면 천고가 높아 굉장히 큰 느낌을 받습니다.
또 주인 아주머니께서 직접 만드신 웰컴 드링크와 스낵을 먹을 수 있습니다.
방은 매우 따뜻하고 외풍은 전혀 느낄 수 없습니다. 먼지 하나 없고 이불과 베개를 늘 숙박 전 날 세탁한 후 햇빛에 말려두신다고 했습니다. 그래서 따뜻하면서 기분 좋은 편백나무 향이 납니다. 또 실제 살았던 집을 한옥호텔로 만든 숙소라 매우 정감있습니다. 직접 키우시는 식물과 꽃, 할머니께서 그리신 그림을 볼 수 있습니다. 한옥마을 중심에 위치한 모헌에서 저는 정말 소중한 휴가를 보냈습니다!"
모헌 오손도손,5,"진주 토박이 사장님의 따스한 친절, 툇마루와 한지창에 따숩게 내려앉던 햇살..한옥스테이의 참 경험"
모헌 오손도손,5,조용하게 그리고 깔끔하게 즐길수 있는 곳
모헌 오손도손,5,"사진과 같은 입구 게이트. 우리는 처음에 들어갔고 왼쪽에 몇 명의 숙녀와 깨끗한 세탁물이 건조되는 것을 보았으므로 우리가 잘못된 장소에 있다고 생각했습니다. 그러나 실제로 올바른 장소이므로 올바른 장소에 있는지 확인하십시오. 매우 친절한 여성이 우리를 맞이하고 영어로 우리와 의사 소통할 수 있었습니다. 우리는 수제 매실 차 (맛있습니다!)와 사과를 제공 받았습니다. 우리는 채팅을했고 그녀는 우리를 보여주고 편의 시설을 설명했습니다. 냉수 디스펜서, 인스턴스 커피, 곡물 차, 커피 메이커, 컵, 냉장고, 세탁기 등 사용할 수있는 작은 방이 있습니다.

세탁은 더러워진 옷을 비닐봉지에 넣어두고 아침에 어메니티룸 벤치에 놔두시면 됩니다. 그들은 당신을 위해 씻을 것입니다.

신선한 공기와 멋진 풍경을 위해 문이 열린 방에서 휴식을 취하거나, 우리처럼(대부분) 사생활 보호를 위해 문을 닫을 수 있습니다.

한옥 숙박 경험을 원한다면 이곳을 적극 추천합니다. 우리 둘 다 여기에 있는 모든 멋진 여성들이 제공하는 숙박과 환대에 만족합니다(고마워요!!!).

그러나 주의하십시오. 단단한 침대(이 경우 얇은 침구가 있는 바닥)에서 전혀 잠을 잘 수 없다면 이것은 당신을 위한 것이 아닙니다. 극도로 비만인 경우 욕실/화장실이 작기 때문에 불편할 수 있습니다. 그렇지 않으면 멋진 경험입니다 😎"
모헌 오손도손,5,
동춘 게스트하우스,5,따뜻하고 편안한 하룻밤이었다
동춘 게스트하우스,5,
동춘 게스트하우스,5,
동춘 게스트하우스,5,
동춘 게스트하우스,1,
고현당,4,"한옥마을에서 즐겁게 여행할 수 있도록 한옥 숙소에서 하룻밤도 좋은 것 같아요!! 한옥구조라 방음은 잘 되지 않지만, 누워있으면 멋스럽게 보이는 천장과 한지로 맨들 문까지..이곳이 진정 한옥마을의 안에 들어와 있다는 것이 실감이 됩니다. 친절한 주인분이 내어주시는 아침식사를 못하고 와서 아쉽네요."
고현당,5,한옥이면서도 깔끔한 시설과 아기자기한 풍경이 좋았어요. 조식도 맛있게 잘 먹었습니다. 아침에 눈내리는 마당 풍경도 좋은 추억이 되었어요!
고현당,5,"별을헤는밤이란 큰방에서 자고갔는데 만족하고 갑니다.

생각보다 아주크지않은 아담하고 깔끔한한옥집이고, 방은 사진보다좀작은 30평대아파트의 큰방사이즈정도였어요. 아주머니가 친절하시고, 위치는 중심지에서가까워 좋고, 방은 깔끔합니다. 깨끗한 두꺼운이부자리있고, 에어콘도있고, 화장실도깨끗해요. 끝방이라 방음은 크게문제없었어요. 연휴라 방들이 다 꽉찾더라구요

주차는 공영주차장이 원래12,000원인데 50%할인해줘요. 앞가게서 전동바이크도 5천원깎아 2.5만원까지 해주고요"
고현당,4,"위치 한옥마을 내부에 있어 위치 아주 좋음.
주차 마을 바깥에 해야하기에 좋지는 않음.
조식 다른 게스트하우스 수준에 비해 아주 훌륭함.
방 4인룸이기엔 좁은감있 있음.
방음 한옥의 특성상 방음이 안좋으나 한옥의 특성이지 이집의 문제는 아님.
호스트 아주친절함.
전체적으로 한옥스테이 중에서는 가성비에서는 추천할만함."
고현당,4,"여자친구와 좋은 추억 많이 만들고 갑니다.

이 숙소 장점부터 언급하자면 첫번째로 접근성이 아주 좋습니다. 한옥마을 공영주차장에서 걸어서 10분거리, 관광안내소 바로 뒷편이며 큰 길까지 걸어서 3분 내로 도착할 수 있어 택시 이용하시는 분도 아주 편히 방문할 수 있습니다. 게다가 관광안내소 쪽은 한옥마을지구 모서리에 해당하여 아침저녁으로 조용합니다. 바로 앞은 오목대가 있어 저녁 산책하기도 최적입니다.

장점 두번째는 시설입니다. 아주 신식의 깨끗하고 넓은, 정비된 시설은 아닙니다만 좁은 공간에 오밀조밀 있을 건 다 갖추고 있어서 한옥 스테이를 큰 불편함 없이 즐기기에 좋습니다. 작은 마당에 위치한 파라솔 벤치와 정수기와 커피믹스를 구비한 부엌, 그리고 대문 앞에 흡연장이 위치하고 있습니다. 너무 넓고 신식은 한옥 정취가 부족하고, 전통 그대로의 한옥은 편의가 부족하다 생각되는데 이 숙소는 절충점을 잘 찾은 것 같습니다. 목재가 많은 한옥마을 특성상 흡연 공간이 없다시피하는데 이 숙소는 돌담으로 분리된 흡연구역이 있어 흡연자분들은 참고하시면 됩니다.

그 외 주인장 친절함 같은 사항은 상황과 받아들이는 이용객에 따라 평가가 크게 갈릴 수 있는 부분이라 깊게 언급은 안 하겠습니다만 저는 개인적으로 투숙객에게 관여하지않으면서 안내와 지원 역할에 충실한 주인분에게 좋은 점수를 드리고 싶습니다.

단점을 언급하자면 방이 좁습니다. 어느 정도 현대화 되었다곤 하지만 한옥이라는 특성이 많이 묻어나는 방입니다. 바람도 세고, 문은 삐그덕거리며 방은 매우 좁습니다. 특히 2인 기준 방들은 고시원 수준으로 좁으니 참고하시기 바랍니다. 저는 이런 부분 미리 알고 갔던지라 괜찮았지만 어디 넓은 펜션 생각하고 오셨다가 얼굴 붉히는 분 여럿 계셨습니다. 그리고 여름철엔 방 내벽(한지)과 목재들이 습기를 머금어 매우 습합니다. 에어컨이 있지만 습기 제거하려 틀어뒀다가 방이 냉장실이 될 수 있으니 주의하시기 바랍니다."
인연,5,"위치도 좋고, 사장님 너무 친절하셔서 부담스러울정도예요 ㅎㅎㅎ
엄마 모시고 1박 2일 너무 따뜻하게 잘 쉬다 왔습니다
작년에 갔던 한옥마을 다른 한옥숙소와 비교했을때 위생상태나 방 컨디션이 꽤 많이 차이날만큼 좋았어요
엄마도 오랜만에 온돌에서 지지면서 잤더니 피로가 싹 풀리신다고 ㅎㅎ
딱 한가지 아쉬웠던건 욕실이 좀 추웠어요~ㅋㅋ
다 가질수는 없죠~ 한옥이잖아요~^^
체크아웃후 짐보관도 흔쾌하게 해주시고, 여러모로 너무 만족스럽고 다음에 또 방문하고싶어요~
사장님 건강하세요~^^"
인연,4,깨끗한고 한옥마을 주차장과 가까워 방문이 편함
인연,4,깔끔
인연,4,ㄱ귯
인연,5,장소가 깨끗함
가은채,3,"하룻밤 보내기는 괜찮음
복층 구조긴하나 최대인원5인이 사용하기엔 좁다
그래도 잘 자고 갑니다"
가은채,5,
가은채,5,
단경,1,"2021년 11월 3일 아고다예약을 통해서 전주소재 한옥마을 '단경 게스트하우스' 라는곳에 1박 숙소 예약을 하였다. 당일 저녁 6시즈음에 숙소에 도착해보니 주인 또는 안내하는 사람  등 없이 부재 중이었고, 전화를 하여, 통화상으로 저녁에 묵을 숙소방 위치를 알려주었다. 여정 후의 세면을 위한 세면장은 비좁고 불편하였으며, 비치해놓은 일회용비누도 없었으며, 비치된 세안용 크림을 사용 세안을 하려고 보니 냄새가 심해  살펴보니 2018년에 제조된 이미 3년이나 지난  제품이었다. 수납할 수있는 옷거리수납장이나,  환기구도 없었으며, 여정의 피곤함에 잠자리에서 조차 편안한 잠을 잘 수가 없었다. 숙소주인에게 수차례 전화를 통해 불편한 사항에 대한 서비스 추가요청을 하였으나, 이런저런 또한 변명만 늘어놓고 편히 쉴 수 있는 배려가 전혀보이지 않았다. 인터넷에 게재된 등급표시 별표4.5와 고객만족도 9라는 수치로 사진속의 숙소 배경에 현혹되지 않도록 이용 전 세심하게 살피지 않으면 않되겠구나 하는 생각으로 이 글을 공유하며, 그리고 이곳에서 1박 숙박으로 지불한 비용은 133,000원이었다."
단경,4,"위치도 외진곳이 아니어서 좋았구요
인테리어도 깨끗하고 좋았어요
사장님도 친절하시고 조식도 암담하고 훌륭 ㅎ
숙박비는 다른 곳에 비해 비싼편임
그래서인지 이용층이 아주 어리지 않은듯
30대이상 여성분들이나 가족단위에 추천해요
방도 다른 한옥숙박에 비해 넓은 편임
그리고 화장실에 세면도구들이 완벽히 구비되어 있음
암튼 사장님이 매우 friendly하고 좋음"
단경,5,좋아요
부경당,5,"분위기 굳, 친절하신 사장님(할머니), 맛있는 조식, 그리고 매우 청결한 이불 상태 !"
부경당,3,
라온한옥꿀잠,4,"한옥마을내 골목에 위치하고있어 조용하고 객실도 아담하고 깨끗해요,바닥이 온돌이라 따끈하니 윗풍도없고 좋으네요~화장실은 깨끗한데 좁아서 샤워하기는 좀 그래요~샤워는 하루 참아야할까봐요~^^"
라온한옥꿀잠,5,"혼자 여행시 쉬기 좋은 곳.
조식으로 커피와 간단한 과일 식빵등을 줌"
라온한옥꿀잠,3,"친구들과 여행. 계획이라면 강추합니다.
가족여행 계획이라면 생각해 봐야합니다.
모든 방이 같은 사이즈입니다.
좌식의 이불제공입니다.
4인까지 붙어서 잘 수 있습니다. 친구관계라면 괜찮습니다만, 부모님이나 사춘기 이후의 성별이 다른 아이를 동반하는 가족이라면,
한방에 자기 불편하실 겁니다.

아침에 토스트와 우유, 쥬스, 과일이 제공되어서,
친구들과의 여행시, 좋습니다.
그러나 부모님 동반 여행이시라면, 조식 제공이 큰 의미는 없을 것 같습니다"
라온한옥꿀잠,3,"모기있어 잠도 못자써요
옆에 위에 다들리고!
조식 정말 심플합니다
커피가 싱거워. !"
라온한옥꿀잠,3,"인근에서 나름 신축(?) 건물에 위치도 나쁘지 않음.
요즘 에어비앤비 숙소답게 관리인을 마주치지 않고 비밀번호로 문을 열고 들어갈 수 있게 안내해준다.
아침 조식은 객실 위층에 위치한 카페에서 매우 간단하게 제공해주는데 커피는 수준급.
카페에서 보이는 한옥마을 전망도 좋다.

단, 편안해야할 잠자리는 얇디얇은 홑이불 2장을 깔아놓고 누워야하고 덮는 이불도 호텔식의 깔끔한 침구는 아니다.
눈치챘을지 모르지만 위층에 카페가 있으니, 방이 있는 1층은 한옥의 느낌을 전혀 느낄 수 없는 그냥 단칸방 그 이상 이하도 아님.
한옥체험을 위해 꼭 한옥마을에서 숙박을 한다면 더 멋진 곳이 많다."
그여자네집게스트하우스,5,
모꼬지,4,"굉장히 아름답습니다. 한옥의 정취를 편하게 느낄 수 있습니다.
보통 숙박업소들이 쓰는 싸구려 목욕용품이 아닌 좋은 메이커 목욕용품으로 구비되어 있어서 더 편하게 즐길 수 있습니다.
더운 날씨에 갔는데 에어컨이 시원하고 선풍기도 준비돼있습니다.
찬물과 따뜻한물이 모두 엄청 잘나옵니다. 더우신분은 찬물로 샤워하면 더위가 바로 날아갑니다.
조식으로 나오는 흑임자죽과 과일은
속뿐만 아니라 마음까지 편해지며 든든합니다.
단점으로는 한옥의 특징답게 침대가 없어서 잘때 등이 배깁니다.
또한 한옥이여서 옆방과의 방음이 온전치 못합니다.
돌아가는날에 한옥의 툇마루에 앉아 사진을 찍으면 사진이 굉장히 예쁘게 나옵니다. 후에 추억을 되새길 수 있습니다. 추천합니다."
모꼬지,5,"외갓집에 놀러와서 느긋하게 쉬는 기분이었습니다.
친절한 사장님 덕분에 전주여행이 더 즐거웠습니다. 추천합니다"
모꼬지,5,"추억으로의 여행이였던것같다
오후 한낮  퇴마루에앉아 따뜻한햇살을받자니 어릴적 할머니집인듯 착각이들정도로
정겨움이 넘쳐나는곳 ...방도 따뜻하고
주인님도 다정하고..
마음같아선 며일더묵고싶었지만
다음일정이있어서..
꼭 다시가보고 오래머물고싶은 곳
그리운시절이 있는분들에게 추천하고싶다"
모꼬지,5,주인장님이 친절하시고 깔끔하셔서 이브자리며 시설이 깨끗하고 좋아요^^  조식으로 간단한 음식을 주시는데‥정성이담겨있는듯 상을 받으면서 기분이 좋았어요~^^물론 맛도좋죠~^^ 나올때 폴로라이드 사진도 찍어 선물주시는 쎈스 짱였어요ㅎㅎ
모꼬지,5,"사장님이 친절합니다.
차 가져오시는 분은 주차장 따로 안내해 드리니 걱정하지 않으셔도 될거 같구요.
한옥마을과는 약 7분정도 거리에 있지만(전주향교와 가까움) 전주천이 1분만 걸어가면 바로 있어 저녁 산책길도 나쁘지 않습니다.

방은 아담한 크기입니다.
방마다 샤워실과 화장실, 에어컨이 있는건 한옥집에서 큰 메리트죠~~!

숙소 선택하실 때 참조하셔요~"
푸실,5,아늑해여
푸실,4,
그림 게스트하우스,3,저렴한 가격에 아늑하고 좋았어요. 젊은 사장님이 먹거리 추천도 아주 상세히 친절하게 해주시고요^^ 주차하고 가기에 위치도 좋았어요. 다만 tv 채널이 2개인지 밖에 안나와서 볼게 없더라고요. 화질도 안좋고요.
그림 게스트하우스,5,"시설도 깔끔하고 좋구요.
무엇보다도 사장님께서 입실할 때 친절히 맛집 등등 추천해주시는게 좋았습니다.
배정받은 더블룸은 크진 않았지만 있을건 다 있어서 불편함 없었어요"
그림 게스트하우스,5,아침식사는 수제쨈과 토스트로 사랑방같이 별도의 공간에서. 겨울에 묵었는데 화장실바닥까지 열선이 있고 따뜻함. 방은 깨끗하고 아담하며 한옥에서 하룻밤 지내기에 충분. 일단 주인으로부터 전주한옥마을 즐기기 강습을 받아야함 ^^
그림 게스트하우스,5,"친절하시고 깔끔하고 방음 절대 절대 안되는 점 참고해 주세요~~~ 거울 드라이기 다 있어요!
칫솔 치약만 챙겨 가셔도 됩니당~"
그림 게스트하우스,4,한옥마을 조용한곳에 위치. 방바닥은 따뜻했고 우풍은 심했지만 아침도 주고 깨끗하고 아기자기 정감가는곳.
전주한옥마을숙박 사랑가득,5,사장님이 바로바로 응대해주셔서 너무 잘 묵고 갑니다. 방도 너무 따뜻해서 외풍걱정도 없습니다 !!
전주한옥마을숙박 사랑가득,5,체크인하기 쉽습니다. 호스트는 매우 도움이 되었습니다. 방은 편안했고 주요 쇼핑 지역에서 쉽게 걸어갈 수 있는 거리에 있었습니다.
전주한옥마을숙박 사랑가득,5,
전주한옥마을숙박 사랑가득,5,
꽃무릇,4,깔끔하고 화장실이 아주 좋습니다. 따듯한물 잘나오고 깨끗하고 넓습니다. 게스트하우스급이고 침대는 성인둘이 딱 맞으며 푹신하진 않습니다. 방음은 설마가 사람잡으니 기대하면 안되고 새벽에 개들이 잘 싸웁니다. 밤귀 밝은분은 숙면이 어려울 수있으나 기본적인 시설만족도는 훌륭합니다. 재방문 가능.
꽃무릇,4,"분위기좋음, 방음은 전혀 없음, 옆방에서 잘잤어? 물어보는데 대답할뻔함,
숙소에서 전기스쿠터 대여가 무료로 가능하여 좋음, 승차감은 방음을 접하는 느낌과 비슷, 시설은 깨끗, 하지만 모기가 특수부대출신들로 이뤄져있음,"
꽃무릇,5,"사장님께서 매우 친절하시고
방도 깨끗하며 화장실도 깔끔
뜨거운 물이 잘나와서 너무 좋았어요!
한옥집이라 방음은 잘 안되지만 그래도 이정도 면 괜찮은거 같아요
다음에도 잠깐 쉬었다 가기 좋은곳!"
꽃무릇,5,깨끗하고 친절한 곳입니다. 무료주차가 가능한 곳이 바로 옆에 있어서 좋아요. 한옥마을과 5~ 10분 정도 거리가 있지만 그래서 더 시끄럽지 않고 아침저녁으로 적당히 산책하기 좋았어요~
꽃무릇,4,"한옥 숙박체험인데 그냥 양옥 느낌..
한옥마을 끄트머리라.
대로 근처라 차량소음도 있는데 잘때는 몰라요.
방은 절절 끓을 정도로 좋습니다."
행진,4,"작지만아늑하고 가족끼리지내기는넘좋아요
간단한조리가능해서더좋았던것같아요"
행진,1,하수구냄새가 심하고 취사를 못하게 함
여유,5,"실내용 가운, 야외용 가운 인원수 맞춰서 따로 구비되어 있는 것이 너무 좋았구요! 드라이기 에어랩인 것도 좋았습니다. 주방에 있는 도구들도 하나같이 예뻐요. 잘 사용했습니다. 침구도 아주 깔끔했고요! 다만 주방쪽 테이블에 붙어있어야 할 라인조명이 떨어져있었고, 실수로 만져서 전기올랐어욬ㅋㅋㅋㅠㅠㅠ...
통창이라 개방감 있는 대신 실제로 열 수 있는 창문은 없는 것이 조금 아쉬웠습니다. 배달도 쉽게 되서 편하게 쉬다 갔습니다. 담에 또 가고 싶어요!"
여유,5,한옥의 느낌과 현대식 편리함까지 모두 갖고 있어요.
참다원,5,정말 예쁜집이에요. 안에도 추억속으로 간듯한..
참다원,4,싼 가격에 이정도면 좋다고 생각함
참다원,5,가성비 너무 좋았던 한옥스테이.
참다원,3,
참다원,5,
그리운집,5,전주가면 이곳에서 머물죠! 아저씨께서 매우 찬절하시고 편안하게 해주셔서 우리가족은 꼭 이곳에 머물죠! 마당도 예쁘고 어린 고양이 한마리가 있는데 무지 귀여웠습니다.
그리운집,4,조용하고 위치도 좋습니다
그리운집,4,
그리운집,4,
그리운집,3,
한옥혜윰,5,전주 한옥마을 내에 있어 안전하고 좋았어요. 사장님께서도 진짜 친절하시고요! 겨울이라 추우면 어떡하지 고민했는데 아주 뜨끈~하게 몸 지지고 왔답니다^^ 친구와 따로 자려고 2층 구조로 예약했는데 2층도 전기 매트 있어서 하나도 안추웠어요ㅎㅎ 또 방문 예정입니다.
한옥혜윰,5,"비오는 이른 아침에 택스가 잡히지 않아서 급하게 사장님에게 도움을 요청했는데도 택시를 대신 불러주시고 잘타는 것까지 전화로 세심하게 확인하셨어요ㅜㅜ 덕분에 KTX를 놓치지 않았어요! 너무 감사합니다.. 사장님 부부 정말 너무 친절해요!! 이틀동안 잘 쉬고 갑니다!! 다음에 또 놀러 올게요~

The host is super kind. Our room is comfortable, clean and warm. Good location! Highly recommended 👍🏻"
한옥혜윰,5,"너무 친절하신 사장님과 사모님.
아들과 너무 재밌게 놀아주셔서 좋은 추억 만들었습니다.

방 상태도 너무 깔끔하고, 다락방도 재미있었어요.

위치도 한옥마을 안에 있어서 먹을거리 볼거리 매일 좋았습니다.

다음에 전주와도 여기서 묶을 계획입니다."
한옥혜윰,5,"다른 한옥들보다 예쁘고 마당이 너무예뻐요!
사장님부부 너무 친절하시고 좋으셨습니다!
갑자기 우박도내리고 비도 오고 스펙터클했지만
재미있고 좋은 추억 만들고갑니다~"
한옥혜윰,5,"한국 전통 가옥 답게 편히 쉴 수 있었습니다.
나무로된 천장이 매우 높아서 외국인들도 부담없이 따뜻한 온돌방에서 쉬기에 좋은 곳이었어요.
깨끗하고 친절하고요.
정말 편히 쉬었어요.
한옥혜윰 참 좋아요. 전주 한옥 마을에 있습니다."
별빛쉼터,5,"🌴별빛쉼터 한옥스테이

✔ 관리하는 주차장이 있어서 나름 편리했습니다.

✔ 개별 화장실이 있어서 아주 좋습니다

✔ 아침에 제공되는 토스트, 바나나, 커피 등이 있습니다.

✔ 보일러는 따뜻하게 잘 돌아 갑니다.

✔ 침구 추가하게 되면 ￦10,000 추가 됩니다.

✔ 한옥마을 남쪽 끝이라, 중심가까진 5~10분 걸어야 합니다.

주차장이 정말 큰 몫을 했습니다.

전주한옥마을의 주차는 정말 대혼란이더군요.

사진에 보이는 주차장은 여러 한옥스테이에서 함께 사용하는 주차장인가 싶습니다.

사장님 내외분께서 자리를 맡아두고 있다가, 저희가 도착했을때 자리를 주셨습니다.

여기에 큰 점수 줍니다.

방은 총 7개 입니다.

일요일에 묵었더니, 아무도 없고 딱 저희만 있었습니다.

조용해서 좋더군요.

사람들이 방마다 가득하다면, 조금 시끄러울수도 있겠습니다.

방은...

한식구가 하루를 보내기엔 그리 부족하지 않습니다.

생각보다 좀 작다 싶은 느낌도 있긴 합니다만,

어차피 방안에서 뭔가의 액티비티가 많이 있을 것도 아니고...

한옥의 느낌만 받으면 된다 싶습니다.

방문은 이중구조로 되어 있습니다.

겨울에도 우풍을 어느 정도 해결해줄 정도가 될듯합니다.

입구에 들어가서 오른편 구석으로 가면, 간단한 음식들이 준비된 공간이 있습니다.

아침에 이곳에서 토스트, 바나나, 커피 등을 가져다 가볍게 잘 먹었습니다.

보일러는 잘 돌아갑니다.

다만, 새벽에는 약간의 우풍도 좀 있고 해서 잘때는 보일러를 좀 빵빵하게 틀어두고 자는 것이 좋습니다.

자다보니 살짝 추워지더군요...

위치는 전주한옥마을의 거의 제일 남쪽 끝에 있습니다.

한옥마을의 정중앙까지는 살짝 걸어야하는 수고가 있긴 합니다만...

애초에 한옥마을 마체가 그리 크진 않아 그리 큰 수고는 아닌듯 합니다."
별빛쉼터,4,객실의 편리성을 일반 숙소와 비교할 순 없지만 한옥은 참 예쁘다. 침대가 없어도 토퍼 같은 매트리스라 편했다. 방바닥과 벽에 조금의 얼룩은 감안할 수준
별빛쉼터,3,"2인실 방이 작은건 이해 하지만, 이불세트 1인용인가요?
성인 2인이 사용하기 작은 이불과 요, 그리고 요도 너무 얇아서 잠자기 너무 불편 했어요.
깨끗하다는 후기 보고 정했는데 하루 자고 너무 후회 했어요"
별빛쉼터,5,"사장님이 진짜 친절하시구
전주천 바로옆에 있어서 운치도 있었네요
다시 생각해도 기분좋아지는 기억이었습니다"
별빛쉼터,4,"깨끗하고 친절한사장님
셀프조식가능 제철과일도있어요"
전주한옥마을 인재고택 학인당,5,"덕분에 백년고택의 고급스러움을 하루동안 빌린 듯한 만족을 맛보았습니다. 손질이 잘 된 정원과 집 안팎 풍경이 마음에 들었구요.
청결한 잠자리로 편안한 수면이 되었습니다.
대표님 부부의 친절 이상의 편안한 응대로 내 집에서 지내는 듯한 편안함도 느꼈습니다.

아침의 티타임도 고급스러웠구요.
집안을 소개시켜주고 사진까지 아름답게 찍어주셔서 정말이지 감사하다는 말 이외에는 드릴 것이 없어서 미안하네요~^^

우리 부부 너무나 만족스러워 학인당의 다음 방문 계획을 짜고 있답니다."
전주한옥마을 인재고택 학인당,5,사장님을 비롯한 모든 직원분들이 정말 친절하시고 인상들도 너무 좋으셨습니다. 부모님께 좋은 추억 만들어드리고 싶었는데 너무너무 좋아하셨습니다. 객실에서 보는 고택의 정원뷰가 일품이었고 객실의 따스함은 너무도 만족스러웠습니다. 거기다 사장님의 전문적인 촬영스킬로 멋진 프사선물까지 덤으로 얻는 행운까지 모든게 완벽한 여행이었습니다. 너무너무 감사합니다^^
전주한옥마을 인재고택 학인당,5,"편하게 하루 머물다 갑니다. 한옥마을에 흔하디 흔한 일반 현대 한옥집이 아니라, 전주 만석꾼이 후손들이 대대로 살 수 있도록 당시 최고급 목재들로 만든 고택 문화재입니다. 5대째 살고 계신다고 설명해주시는 부분에서 이유모를 감동을 받았습니다. 오래된 한옥임에도 꾸준히 보수하고 관리하셔서 불편함 없이 잘 머물고 갔습니다. 화장실은 현대식으로 수리되어있어서 깨끗하고 좋습니다. 넓은 마당과 정원이 주는 아늑함이 너무 좋았어요. 체크아웃 하면서 본채 학인당 곳곳에서 감성사진 찍어주셨는데 정말 인생사진입니다!"
전주한옥마을 인재고택 학인당,5,"전주 여행에서 가장 좋았던건 학인당이고, 두번째로 좋았던건 학인당 주인 내외분이었어요! 한옥마을도 좋지만 전통있는 한옥 숙소에서 여러날 시간을 보내는게 더 의미있고 만족스러웠어요. 주인 내외분도 정말 친절하시고, 저희가 요청하지 않았는데 먼저 이것저것 챙겨주시려는 모습에 감동 받았습니다."
전주한옥마을 인재고택 학인당,5,"This place is the best hotel I have ever stayed at.
This old house is build in 1908, very well maintained and still the builder's offspring manages this place beautiful. They care all details in there and make staying in  학인당 Hagindang awesome. If you add just 1 dollar per person you can enjoy simple but lovely breakfast like snack in the morning, and for 10 dollar per person then manager will take some awesome pictures of you. To be honest with you those pictures were way way better than I took in the photo studio paid 40 dollar for 4 pictures. Hot water pressure was very nice and blanket was clean and comfy, place was awesome as well.
If I need to pick one weakness, because the house is old so there was no sound proof.

최고의 숙박 경험을 했습니다. 위치도 정말 좋고, 이 곳에 묵으면 굳이 밖에 나가서 뭔가 하지 않아도 될 만큼 고택 자체의 풍경과 분위기가 좋았습니다. 1인당 1,100원을 추가하면 약과와 떡이 있는 정갈한 아침 다과상이 나오는데 맛있기도 하고 정성스러웠습니다. 바쁜 아침에 작은 여유로 배고프지 않게 시작할 수 있어서 좋았습니다.  찍어주신 사진도 정말 예뻤고 또 매니저님이 아주 친절하셨습니다. 온수도 아주 잘 나옵니다. 단점을 굳이 꼽자면 고택이기 때문에 방음이 잘 되지 않습니다. 총평으로는 강력 추천 드립니다."
제인당 교동 1호점,3,"사랑나무팬션
자매들 여행
두칸 185천
방과 화장실
말소리가 다 들려서   목소리가 크면 안됩니다
조용한 휴식으로 방문은 추천하나
가족들과 와글와글은 안됩니다
소근소근 대화쇠리도 방해되고  웃음소리도 냉션 컴플레인 걸립니다
주일분들은 너무 좋으시고 아침조식도 좋습니다"
제인당 교동 1호점,5,"하루 전날 급하게 예약하고  왔는데 너무 좋네요
한옥마을에서 저녁까지 신나게 놀고 바로 숙소라 좋아요
사장님 엄청 친절하시고 아침 조식으로 빵 흑임자죽 커피 오렌지주스 우유 과일까지!
특히 흑임자죽 넘 맛있네요
저흰 단독방이었지만 방음도 잘되는거같아요
담에 오면 또 강추!"
제인당 교동 1호점,4,한옥마을에서 자본 적은 처음이라 이곳이 다른 곳에 비해서 어떤지는 모르겠지만.. 제 개인적으로는 너무나 조용하게 편안하게 잘 있다 왔습니다. 잘 꾸며진 시골 같은 느낌... 집앞으로 나가면 한옥마을의 고즈넉한 거리.. 정말 좋았습니다. 적극 추천드려요. 조식도 맛있었어요 ^^
제인당 교동 1호점,5,"귀뚜라미 소리가 들으며 잠이 든 게 얼마만인지..
한옥집에서 숙박이라기 보다 어렸을 적..
살던 집에서 하루를 다시 돌아보는 느낌이었다.

주차는 어렵지만, 주인장님의 안내가 매우 훌륭.
방음은 그리 좋지 않았다."
제인당 교동 1호점,4,깨끗하고 시설도 좋고 친절한 곳이에요! 위치가 신의 한수. 어디 안가고 한옥마을에만 잇을 예정이라 저에겐 최적화된 곳이었습니다!
담소 게스트하우스,4,바닥은 뜨거웠는데 윗풍이 있었어요. 그래도 직원분 친절하시고 다른 한옥숙박보다 좀 저렴했던 거 같아요. 숙박대전 쿠폰 덕분에 저렴하게 묵었어요~
담소 게스트하우스,5,너무편안하게 지내다 가요~담에 또올생각이ㅇㅖ요~^^
담소 게스트하우스,5,온돌 방 따뜻하게 잘 쉬다 왔습니다. 사진이 어디갔지.. 참 분위기 좋았는데..
담소 게스트하우스,3,습한냄새가 조금나고 가격은좋앗음
담소 게스트하우스,4,주차노답
전주 한옥마을 숙박 마당예쁜집,1,주차장 문앞일방통행골목 선착순 줄지어주차🚙🚙🚙🚙 4대만가능 일찍온차는 차못뺌.근처유료주차장이용  10시부터~9시까지차못뺌  그전에나가면 주차장주인이 욕하면서문열어줌. 냉장고없음ㅋㅋㅋㅋ 샤워기교체시급 옆으로물다튀어나옴. 수압약함.방.화장실.더럽진않음.칫솔없음.
전주 한옥마을 숙박 마당예쁜집,4,"마당 예쁘고 한옥체험 잘 했어요 룸 컨디션 깨끗하고 사장님 친절하십니다 온돌방이라 따뜻하게 잘 잤고 쓰진 않았지만 에어컨 드라이어 개별 화장실 샤워시설 다 제대로 갖춰있어요
샴푸 린스 치약 있고 공용냉장고 정수기 간단한 차 종류 제공되요 이불2채 배개 4개 수건 5개
방은 좀 작은편인데 관리는 잘 되있어요
잘 쉬었다 갑니다 한옥마을도 재밌었어요
전주 여행 온다면 한옥마을 근처에서 한옥체험 해보세요 숙박비는 비싼편이긴 합니다"
전주 한옥마을 숙박 마당예쁜집,5,8월 16일부터 17일까지 1박 2일 친구랑 두명이서 이곳 마당예쁜집에서 지냈답니다~ 방도 쾌적하고 화장실도 깨끗하고 수압이 엄청 좋았어요ㅎㅎ그래서 씻는데 아무 문제가 없었답니다>
전주 한옥마을 숙박 마당예쁜집,5,기대했던것 보다 훨씬 좋았어요. 인테리어도 너무 맘에 들고 아기자기하게 잘 꾸며놔주셔서 어디서든 사진도 예쁘게 나왔어요. 다만 아쉬운점이라면 세면대가 넘 작아요 그것 빼고는 뜨끈뜨끈한 온돌방에서 푹 쉬다왔어요. TV채널도 적당했구요. 저희가 있을 땐 자희 말고는 반대편에 한 팀뿐이어서 조용하게 쉬다왔어요 한옥마을 중심부에서 적당히 떨어져 있어서 산책하기도 좋고 시끄럽지도 않았어요. 주인분도 너무 친절하시구요^^ 다음에 전주에 가면 재방문하겠습니다. 좋은 숙소 덕분에 기분좋고 편안한 여행을 할 수 있었어요^^
전주 한옥마을 숙박 마당예쁜집,5,"만족합니다.
가까운 군산에 살면서 한옥마을에서 자볼일이 없없는데, 한번 색다르게 가족과 함께 이용했습니다.
원래 이런거 안 남기는데, 정말 친절하셨던게 마음에 남아 글 남깁니다.

20개월 아이랑 자기에도 깨끗해서 우선 첫느낌이 좋았구요.
아이 때문에 이불도 더 부탁드리고, 온수나 싱크대 사용 때문에 몇번 계속 말슴드렸는데도 하하 웃으면서 부담 안 가지게 편하게 말씀해주셔서 더 좋았습니다.
마당에서 아이랑도 놀고 참 좋았습니다.

한옥마을은 군것질만 해봐서 잘 몰랐는데, 맛있게 식사할 곳이나 아이랑 놀만한것도 먼저 필요하신거 없냐고 물어봐주시면서 알려주셔서 잘 있다 왔습니다.
하루 이용하면서 편하게 다녀와서, 추후에 한번 더 이용하도록 하겠습니다.

덕분에 잘 다녀왔습니다. 감사했습니다~"
한옥모련,4,
전주한옥마을숙박 꿈,5,"어머니 모시고 동생들과 하루 머물렀는데 사장님이 친절하시게 잘 설명해주시고 시설도 깨끗하고 예쁘고
잘 머물다 갑니다. 특별히 어머니가 연세가 있으셔서 오래 걷지를 못하는데 사장님 배려로 예정시간보다 일찍 들어와 쉴수 있게 해 주심에 감사드립니다."
전주한옥마을숙박 꿈,5,"깨끗하고 아늑한  한옥에서의 하룻밤은 모국에서의 잊지못할  추억으로 남았읍니다. 친절하시고 , 아낌없는 수고로  대접해주신 주인 부부께  멀리서 감사와 사업의 번영을 기원합니다~♡
사진 실력도 짱 ! ^^"
전주한옥마을숙박 꿈,5,사장님께서 싼곳 친절히 안내해주시고 마당도  너무 옙뻐서 잘 놀다 왔어요
전주한옥마을숙박 꿈,5,"깨끗하고 주인분들이 친철합니다
만족"
전주한옥마을숙박 꿈,5,전주시완산구교동 129-2
교동외갓집,5,말그대로 외갓집 이지만 화장실만 다름 2인부터 5인도 가능 방 있음 엄청 저렴하고 청결함.
교동외갓집,5,진짜외가집 온거같음~~
예다원,5,정원이 너무 예뻐요. 화장실이 조금 좁고 냄새가 약간 나는 것 빼곤 좋았어요 그리고 개인차가 있겠지만 침대가 아닌 바닥이라  불편하다는 ㅠㅠ 그래도 대체적으로 편안하게 잘 쉬다 갑니다
예다원,3,"한옥 체험 빼고는 왜 자는지를 이해못한 1인..
내가 바보야!!!라고 자책했던 하루.
전주에서 1박까지 할 이유가 뭘까?로도..
빨리 털려고 노력중이었는데 평가때문에 다시금 생각나게 함."
예다원,4,"사장님도 좋으시고 방도 깔끔해서 편하게 잘 지내다 왔습니다.
방음이 잘 안되긴 하는데 생활소음정도라 괜찮았습니다."
예다원,3,"채송화방에 묵었습니다. 어른 2명 애들 2명 자기엔 괜찮습니다. 방엔 익숙치 않은 냄새와 방안의 화장실엔 불쾌한 냄새가 조금 납니다. 하룻밤 묵기엔 크게 문제는 되지 않을 수준입니다.
한옥마을 가장자리에 위치해서 한옥마을 구경하기엔 괜찮으며(특히 숙소 바로 옆에 주차 가능합니다) 사장님께서 친절하셔서 이것저것 많이 알려주셨습니다. 주말 가격이 일반 콘도의 평일 가격에 육박해서 시설 대비 가성비는 좋지 않다는 개인 의견 입니다. 손님이 우리와 다른 한팀 이렇게  두 팀 밖에 없어 걱정했던 소음문제는 겪지 않았습니다."
예다원,5,"한옥마을 고즈넉한 정취있는곳..
주인장이 다도  서예  서각  다재다능한  부부가 운영하는 아늑한 숙박집"
햇살가득,5,"방이 깨끗하고 조용해서 좋고 주인 아주머니
너무 친절하셔서 잘 쉬고 왔어요.
다음에 또 방문 할께요."
햇살가득,4,방이 따닥따닥 붙어있어..방음이 전혀 안되는거 말고는 괜찮았어요..방도 따듯하고..
햇살가득,2,가격대비 잠자리가 별로 ㅠ.. 날개미 짱 마니 나옴...ㅜㅜ 그나마 사장님이 친절하셔 별 두개.
햇살가득,5,"사장님 친절하시고
깔끔합니다.
좋아요!"
햇살가득,2,방음 완전 안됨. 방 완전 뜨거운 온돌. 주인분 친절함. 방음 진짜 안됨.
이오당,1,"정원이 예쁜 곳입니다.
한옥마을 상점들과도 거리가 가까우며 주차장 별도 있어 이동에 있어 불편함은 없으나 주차장 위치 문의 전화 했을때 여자 사장님의 응대 굉장히 무서울 정도의 불친절 하시며 다른부분 문의 전화 응대에서도 소리지르시며 흥분하여 나타나셨을때 마스크 미착용 이셨습니다...
여행의 즐거움이 도착과 동시에 깨어졌습니다...
방크기는 성인기준 4명이 사용하기에는 약간 좁을수도 있다고 생각합니다.
☆☆☆개인용품은 꼭 지참 하셔야 합니다.☆☆☆
일회용 칫솔 없으며 여자 사장님께서 슈퍼에서 사오라고 알려주십니다...
치약도 일회용이 아닌..... 큰거 반도 남지 않은....
(왜 치약은 사오라고 안하시는지...)
화장실 물의 수압이 굉장히 강한것은 좋으나 화장실이 좁아 물이 밖으로 흘러나올수 있으니 조심하셔야 합니다.
화장실 휴지통 없으며 변기가 막혀서 굉장히 난감 하였습니다 ... ㅠㅠ
냉장고 500미리 생수 외에는 아무것도 제공되는것 없으니 조식이나 간식은 상상도 하지 마셔야 합니다.
관리해주시는 분께는 너무너무 죄송하지만 여자 사장님으로 인해 이오당 이미지가 너무 좋지 않았습니다.....
관리해주시는분은 너무 친절 하시고 현지인 맛집도 알려주셨습니다.
☆☆☆장점☆☆☆
1. 주차장 있음
2. 한옥마을 상점들과 가까움
3. 정원이 예쁨
4. 관리해주시는 분 굉장히 친절하심
☆☆☆단점☆☆☆
1.여자사장님 굉장히 불친절
2.조식없음
3.개인용품 없음

한옥마을 숙소에서 대부분 조식이 제공되는걸로 알고있으나 이오당은 정원예쁜것 과 관리 해주시는분 친절함 외에는  다른 숙소와 비교하여 경쟁력이 없다고 생각 합니다...

재방문의사는 1도 없습니다..."
이오당,4,"전주 한옥마을에서 한옥체험을 원하시는 분에게 추천드립니다
객실은 그냥 깨끗하고 평범하지만, 주차장이 넓고, 이쁘고 널직한 정원이 좋은 곳입니다
아침에 정원 의자에 앉아 일광욕을 하시거나 책을 읽으시면, 마음씨 좋은 사모님이 갓 로스팅한 맛있는 모닝커피를 주십니다~!!! 제가 추천드리는 첫번째 이유이죠~~^^"
이오당,3,"전주 한옥마을안에 위치하고 있으며 이틀 지냄. 전통 한옥을 컨셉으로 멋진 정원을 수유하고 있다. 가격대비 방의 크기가 너무 작다. 일반 객실 기준으로 성인 두명이 이블을 깔고 자면 다른 여유 공간이 없다.

주차공간도 부족하여 3중로 주차하여야 했으며 주말 낮시간에는 한옥마을 자체가 차량통제로 인해 한옥마을 외부에 주차해야했음.

하지만 한옥마을 중에 전통한옥 숙박 시설중에는 가장 넓은 부지로 조성되어 숙박객이 아닌 관광객들도 사진을 찍으며 구경하는 곳. 한반 정도는 한옥체험을 할 만하나 다시 방문할 의사는 없다."
이오당,5,정말 멋진 한옥.
이오당,2,좁고 방음이 안되요. 모기 있어요. 이부자리가 별로에요. 마당만 좋아요.
나비스토리게스트하우스(두울 나비랑),1,"6개월 아기가있다고 말씀드렸는데도 불구하고- 방바닥 한번 안닦았는지 갈색 먼지때가- 여기저기 거미줄처럼 먼지줄이ㅠㅠ 물티슈로 몇번을 닦아댔는지- 정수기도 없어 분유물 포트기 씻어쓰라는데 얼마나 안썼으면 묵은때가- 휴대폰충전기라도 구비되어있었더라면... 냉장고. 심지어 전자랜지도 안보였네요-
명절 전 시댁 내부공사로 잠만자기위해 급히 예약하긴했으나 정말 실망스러웠어요-"
나비스토리게스트하우스(두울 나비랑),2,방은  뜨겁고 콧등은 춥고  한옥이 그런거가요?
나비스토리게스트하우스(두울 나비랑),1,다시는 가고 싶지 않아요
나비스토리게스트하우스(두울 나비랑),3,깨끗 합니다
나비스토리게스트하우스(두울 나비랑),3,
싸목싸목게스트하우스(한옥체험),5,"전주 한옥마을에 위치
방 3개. 욕실 3개...깔끔한 숙소
독채로 한옥의 마당에 툇마루 정말 운치있고 너무 좋았음"
싸목싸목게스트하우스(한옥체험),4,아담한 사이즈의 뒷마당이 한옥 분위기를 확 살려준다. 여럿이서 방문하기에 적합하다
싸목싸목게스트하우스(한옥체험),5,화장실에 들어갔는데 샤워기나 슬리퍼에 물때 하나 없이 너무 깨끗해요. 방은 아주 아늑하니 따뜻해서 편하게 잤어요. 사장님이 추천해주신 맛집도 몇군데 골라 갔는데 정말 현지인만 아는 꿀팁도 알려주셔서 알찬 여행에 큰 도움이 됐습니다:) 사진은 그냥 먹고 놀다가 찍은 한컷...ㅜ 깔끔하게 찍은 사진이 없어서 죄송해여
싸목싸목게스트하우스(한옥체험),5,참 좋은 밤..옛이야기가 저절로 떠올랐어요..무명천의 깔끔함을 온 몸으로 느꼈습니다..번창하세요..
싸목싸목게스트하우스(한옥체험),5,"외가가 전주라 좋은 추억이 많은곳인데 호스트분이 저희이모님들과 비슷해서 편안히 잘 묵고 왔습니다. 따뜻한 방 맛있는 조식, 깨끗한 이불, 너무 과하지도 덜하지도 않은 소품들 감사합니다. 위치는 한옥마을 외곽쪽이지만 불편함 없는 위치였습니다. 불편했던점이 하나 있다면 작은방 화장실에 샤워기가 망가진것 같습니다 물줄기가 너무 퍼져나가요 ㅜ"
햇살가득,5,"방이 깨끗하고 조용해서 좋고 주인 아주머니
너무 친절하셔서 잘 쉬고 왔어요.
다음에 또 방문 할께요."
햇살가득,4,방이 따닥따닥 붙어있어..방음이 전혀 안되는거 말고는 괜찮았어요..방도 따듯하고..
햇살가득,2,가격대비 잠자리가 별로 ㅠ.. 날개미 짱 마니 나옴...ㅜㅜ 그나마 사장님이 친절하셔 별 두개.
햇살가득,5,"사장님 친절하시고
깔끔합니다.
좋아요!"
햇살가득,2,방음 완전 안됨. 방 완전 뜨거운 온돌. 주인분 친절함. 방음 진짜 안됨.
